Item_Code,Type,ForecastDate,Metric,Model_type,Forecast_Value
CFPO-100,Control & Reagent,2026-10-01,Quantity,ETS,0.04762060452866796
CFPO-100,Control & Reagent,2026-11-01,Quantity,ETS,0.04762060452866796
CFPO-100,Control & Reagent,2026-12-01,Quantity,ETS,0.04762060452866796
CFPO-100,Control & Reagent,2027-01-01,Quantity,ETS,0.04762060452866796
CFPO-100,Control & Reagent,2027-02-01,Quantity,ETS,0.04762060452866796
CFPO-100,Control & Reagent,2027-03-01,Quantity,ETS,0.04762060452866796
CFPO-100,Control & Reagent,2027-04-01,Quantity,ETS,0.04762060452866796
CFPO-100,Control & Reagent,2027-05-01,Quantity,ETS,0.04762060452866796
CFPO-100,Control & Reagent,2027-06-01,Quantity,ETS,0.04762060452866796
CFPO-100,Control & Reagent,2027-07-01,Quantity,ETS,0.04762060452866796
CFPO-100,Control & Reagent,2027-08-01,Quantity,ETS,0.04762060452866796
CFPO-100,Control & Reagent,2027-09-01,Quantity,ETS,0.04762060452866796
CFPO-100,Control & Reagent,2027-10-01,Quantity,ETS,0.04762060452866796
CFPO-100,Control & Reagent,2027-11-01,Quantity,ETS,0.04762060452866796
CFPO-100,Control & Reagent,2027-12-01,Quantity,ETS,0.04762060452866796
CFPO-100,Control & Reagent,2026-10-01,Revenue,ETS,9.500887018106253
CFPO-100,Control & Reagent,2026-11-01,Revenue,ETS,9.500887018106253
CFPO-100,Control & Reagent,2026-12-01,Revenue,ETS,9.500887018106253
CFPO-100,Control & Reagent,2027-01-01,Revenue,ETS,9.500887018106253
CFPO-100,Control & Reagent,2027-02-01,Revenue,ETS,9.500887018106253
CFPO-100,Control & Reagent,2027-03-01,Revenue,ETS,9.500887018106253
CFPO-100,Control & Reagent,2027-04-01,Revenue,ETS,9.500887018106253
CFPO-100,Control & Reagent,2027-05-01,Revenue,ETS,9.500887018106253
CFPO-100,Control & Reagent,2027-06-01,Revenue,ETS,9.500887018106253
CFPO-100,Control & Reagent,2027-07-01,Revenue,ETS,9.500887018106253
CFPO-100,Control & Reagent,2027-08-01,Revenue,ETS,9.500887018106253
CFPO-100,Control & Reagent,2027-09-01,Revenue,ETS,9.500887018106253
CFPO-100,Control & Reagent,2027-10-01,Revenue,ETS,9.500887018106253
CFPO-100,Control & Reagent,2027-11-01,Revenue,ETS,9.500887018106253
CFPO-100,Control & Reagent,2027-12-01,Revenue,ETS,9.500887018106253
CFPO-102,Control & Reagent,2026-10-01,Quantity,ETS,0.3333690583363535
CFPO-102,Control & Reagent,2026-11-01,Quantity,ETS,0.3333690583363535
CFPO-102,Control & Reagent,2026-12-01,Quantity,ETS,0.3333690583363535
CFPO-102,Control & Reagent,2027-01-01,Quantity,ETS,0.3333690583363535
CFPO-102,Control & Reagent,2027-02-01,Quantity,ETS,0.3333690583363535
CFPO-102,Control & Reagent,2027-03-01,Quantity,ETS,0.3333690583363535
CFPO-102,Control & Reagent,2027-04-01,Quantity,ETS,0.3333690583363535
CFPO-102,Control & Reagent,2027-05-01,Quantity,ETS,0.3333690583363535
CFPO-102,Control & Reagent,2027-06-01,Quantity,ETS,0.3333690583363535
CFPO-102,Control & Reagent,2027-07-01,Quantity,ETS,0.3333690583363535
CFPO-102,Control & Reagent,2027-08-01,Quantity,ETS,0.3333690583363535
CFPO-102,Control & Reagent,2027-09-01,Quantity,ETS,0.3333690583363535
CFPO-102,Control & Reagent,2027-10-01,Quantity,ETS,0.3333690583363535
CFPO-102,Control & Reagent,2027-11-01,Quantity,ETS,0.3333690583363535
CFPO-102,Control & Reagent,2027-12-01,Quantity,ETS,0.3333690583363535
CFPO-102,Control & Reagent,2026-10-01,Revenue,ETS,55.23013472363126
CFPO-102,Control & Reagent,2026-11-01,Revenue,ETS,55.23013472363126
CFPO-102,Control & Reagent,2026-12-01,Revenue,ETS,55.23013472363126
CFPO-102,Control & Reagent,2027-01-01,Revenue,ETS,55.23013472363126
CFPO-102,Control & Reagent,2027-02-01,Revenue,ETS,55.23013472363126
CFPO-102,Control & Reagent,2027-03-01,Revenue,ETS,55.23013472363126
CFPO-102,Control & Reagent,2027-04-01,Revenue,ETS,55.23013472363126
CFPO-102,Control & Reagent,2027-05-01,Revenue,ETS,55.23013472363126
CFPO-102,Control & Reagent,2027-06-01,Revenue,ETS,55.23013472363126
CFPO-102,Control & Reagent,2027-07-01,Revenue,ETS,55.23013472363126
CFPO-102,Control & Reagent,2027-08-01,Revenue,ETS,55.23013472363126
CFPO-102,Control & Reagent,2027-09-01,Revenue,ETS,55.23013472363126
CFPO-102,Control & Reagent,2027-10-01,Revenue,ETS,55.23013472363126
CFPO-102,Control & Reagent,2027-11-01,Revenue,ETS,55.23013472363126
CFPO-102,Control & Reagent,2027-12-01,Revenue,ETS,55.23013472363126
CFPO-206,Control & Reagent,2026-10-01,Quantity,ETS,5.191078382044209
CFPO-206,Control & Reagent,2026-11-01,Quantity,ETS,5.191078382044209
CFPO-206,Control & Reagent,2026-12-01,Quantity,ETS,5.191078382044209
CFPO-206,Control & Reagent,2027-01-01,Quantity,ETS,5.191078382044209
CFPO-206,Control & Reagent,2027-02-01,Quantity,ETS,5.191078382044209
CFPO-206,Control & Reagent,2027-03-01,Quantity,ETS,5.191078382044209
CFPO-206,Control & Reagent,2027-04-01,Quantity,ETS,5.191078382044209
CFPO-206,Control & Reagent,2027-05-01,Quantity,ETS,5.191078382044209
CFPO-206,Control & Reagent,2027-06-01,Quantity,ETS,5.191078382044209
CFPO-206,Control & Reagent,2027-07-01,Quantity,ETS,5.191078382044209
CFPO-206,Control & Reagent,2027-08-01,Quantity,ETS,5.191078382044209
CFPO-206,Control & Reagent,2027-09-01,Quantity,ETS,5.191078382044209
CFPO-206,Control & Reagent,2027-10-01,Quantity,ETS,5.191078382044209
CFPO-206,Control & Reagent,2027-11-01,Quantity,ETS,5.191078382044209
CFPO-206,Control & Reagent,2027-12-01,Quantity,ETS,5.191078382044209
CFPO-206,Control & Reagent,2026-10-01,Revenue,ETS,0
CFPO-206,Control & Reagent,2026-11-01,Revenue,ETS,0
CFPO-206,Control & Reagent,2026-12-01,Revenue,ETS,0
CFPO-206,Control & Reagent,2027-01-01,Revenue,ETS,0
CFPO-206,Control & Reagent,2027-02-01,Revenue,ETS,0
CFPO-206,Control & Reagent,2027-03-01,Revenue,ETS,0
CFPO-206,Control & Reagent,2027-04-01,Revenue,ETS,0
CFPO-206,Control & Reagent,2027-05-01,Revenue,ETS,0
CFPO-206,Control & Reagent,2027-06-01,Revenue,ETS,0
CFPO-206,Control & Reagent,2027-07-01,Revenue,ETS,0
CFPO-206,Control & Reagent,2027-08-01,Revenue,ETS,0
CFPO-206,Control & Reagent,2027-09-01,Revenue,ETS,0
CFPO-206,Control & Reagent,2027-10-01,Revenue,ETS,0
CFPO-206,Control & Reagent,2027-11-01,Revenue,ETS,0
CFPO-206,Control & Reagent,2027-12-01,Revenue,ETS,0
CFPO-212,Control & Reagent,2026-10-01,Quantity,ETS,0.6492945572329292
CFPO-212,Control & Reagent,2026-11-01,Quantity,ETS,0.6492945572329292
CFPO-212,Control & Reagent,2026-12-01,Quantity,ETS,0.6492945572329292
CFPO-212,Control & Reagent,2027-01-01,Quantity,ETS,0.6492945572329292
CFPO-212,Control & Reagent,2027-02-01,Quantity,ETS,0.6492945572329292
CFPO-212,Control & Reagent,2027-03-01,Quantity,ETS,0.6492945572329292
CFPO-212,Control & Reagent,2027-04-01,Quantity,ETS,0.6492945572329292
CFPO-212,Control & Reagent,2027-05-01,Quantity,ETS,0.6492945572329292
CFPO-212,Control & Reagent,2027-06-01,Quantity,ETS,0.6492945572329292
CFPO-212,Control & Reagent,2027-07-01,Quantity,ETS,0.6492945572329292
CFPO-212,Control & Reagent,2027-08-01,Quantity,ETS,0.6492945572329292
CFPO-212,Control & Reagent,2027-09-01,Quantity,ETS,0.6492945572329292
CFPO-212,Control & Reagent,2027-10-01,Quantity,ETS,0.6492945572329292
CFPO-212,Control & Reagent,2027-11-01,Quantity,ETS,0.6492945572329292
CFPO-212,Control & Reagent,2027-12-01,Quantity,ETS,0.6492945572329292
CFPO-212,Control & Reagent,2026-10-01,Revenue,ETS,131.1841357361369
CFPO-212,Control & Reagent,2026-11-01,Revenue,ETS,131.1841357361369
CFPO-212,Control & Reagent,2026-12-01,Revenue,ETS,131.1841357361369
CFPO-212,Control & Reagent,2027-01-01,Revenue,ETS,131.1841357361369
CFPO-212,Control & Reagent,2027-02-01,Revenue,ETS,131.1841357361369
CFPO-212,Control & Reagent,2027-03-01,Revenue,ETS,131.1841357361369
CFPO-212,Control & Reagent,2027-04-01,Revenue,ETS,131.1841357361369
CFPO-212,Control & Reagent,2027-05-01,Revenue,ETS,131.1841357361369
CFPO-212,Control & Reagent,2027-06-01,Revenue,ETS,131.1841357361369
CFPO-212,Control & Reagent,2027-07-01,Revenue,ETS,131.1841357361369
CFPO-212,Control & Reagent,2027-08-01,Revenue,ETS,131.1841357361369
CFPO-212,Control & Reagent,2027-09-01,Revenue,ETS,131.1841357361369
CFPO-212,Control & Reagent,2027-10-01,Revenue,ETS,131.1841357361369
CFPO-212,Control & Reagent,2027-11-01,Revenue,ETS,131.1841357361369
CFPO-212,Control & Reagent,2027-12-01,Revenue,ETS,131.1841357361369
CFPO-214,Control & Reagent,2026-10-01,Quantity,ETS,0.6190674521268137
CFPO-214,Control & Reagent,2026-11-01,Quantity,ETS,0.6190674521268137
CFPO-214,Control & Reagent,2026-12-01,Quantity,ETS,0.6190674521268137
CFPO-214,Control & Reagent,2027-01-01,Quantity,ETS,0.6190674521268137
CFPO-214,Control & Reagent,2027-02-01,Quantity,ETS,0.6190674521268137
CFPO-214,Control & Reagent,2027-03-01,Quantity,ETS,0.6190674521268137
CFPO-214,Control & Reagent,2027-04-01,Quantity,ETS,0.6190674521268137
CFPO-214,Control & Reagent,2027-05-01,Quantity,ETS,0.6190674521268137
CFPO-214,Control & Reagent,2027-06-01,Quantity,ETS,0.6190674521268137
CFPO-214,Control & Reagent,2027-07-01,Quantity,ETS,0.6190674521268137
CFPO-214,Control & Reagent,2027-08-01,Quantity,ETS,0.6190674521268137
CFPO-214,Control & Reagent,2027-09-01,Quantity,ETS,0.6190674521268137
CFPO-214,Control & Reagent,2027-10-01,Quantity,ETS,0.6190674521268137
CFPO-214,Control & Reagent,2027-11-01,Quantity,ETS,0.6190674521268137
CFPO-214,Control & Reagent,2027-12-01,Quantity,ETS,0.6190674521268137
CFPO-214,Control & Reagent,2026-10-01,Revenue,ETS,114.23598522718567
CFPO-214,Control & Reagent,2026-11-01,Revenue,ETS,114.23598522718567
CFPO-214,Control & Reagent,2026-12-01,Revenue,ETS,114.23598522718567
CFPO-214,Control & Reagent,2027-01-01,Revenue,ETS,114.23598522718567
CFPO-214,Control & Reagent,2027-02-01,Revenue,ETS,114.23598522718567
CFPO-214,Control & Reagent,2027-03-01,Revenue,ETS,114.23598522718567
CFPO-214,Control & Reagent,2027-04-01,Revenue,ETS,114.23598522718567
CFPO-214,Control & Reagent,2027-05-01,Revenue,ETS,114.23598522718567
CFPO-214,Control & Reagent,2027-06-01,Revenue,ETS,114.23598522718567
CFPO-214,Control & Reagent,2027-07-01,Revenue,ETS,114.23598522718567
CFPO-214,Control & Reagent,2027-08-01,Revenue,ETS,114.23598522718567
CFPO-214,Control & Reagent,2027-09-01,Revenue,ETS,114.23598522718567
CFPO-214,Control & Reagent,2027-10-01,Revenue,ETS,114.23598522718567
CFPO-214,Control & Reagent,2027-11-01,Revenue,ETS,114.23598522718567
CFPO-214,Control & Reagent,2027-12-01,Revenue,ETS,114.23598522718567
CFPO-232,Control & Reagent,2026-10-01,Quantity,ETS,0.09528905888355142
CFPO-232,Control & Reagent,2026-11-01,Quantity,ETS,0.09528905888355142
CFPO-232,Control & Reagent,2026-12-01,Quantity,ETS,0.09528905888355142
CFPO-232,Control & Reagent,2027-01-01,Quantity,ETS,0.09528905888355142
CFPO-232,Control & Reagent,2027-02-01,Quantity,ETS,0.09528905888355142
CFPO-232,Control & Reagent,2027-03-01,Quantity,ETS,0.09528905888355142
CFPO-232,Control & Reagent,2027-04-01,Quantity,ETS,0.09528905888355142
CFPO-232,Control & Reagent,2027-05-01,Quantity,ETS,0.09528905888355142
CFPO-232,Control & Reagent,2027-06-01,Quantity,ETS,0.09528905888355142
CFPO-232,Control & Reagent,2027-07-01,Quantity,ETS,0.09528905888355142
CFPO-232,Control & Reagent,2027-08-01,Quantity,ETS,0.09528905888355142
CFPO-232,Control & Reagent,2027-09-01,Quantity,ETS,0.09528905888355142
CFPO-232,Control & Reagent,2027-10-01,Quantity,ETS,0.09528905888355142
CFPO-232,Control & Reagent,2027-11-01,Quantity,ETS,0.09528905888355142
CFPO-232,Control & Reagent,2027-12-01,Quantity,ETS,0.09528905888355142
CFPO-232,Control & Reagent,2026-10-01,Revenue,ETS,9.523763738700556
CFPO-232,Control & Reagent,2026-11-01,Revenue,ETS,9.523763738700556
CFPO-232,Control & Reagent,2026-12-01,Revenue,ETS,9.523763738700556
CFPO-232,Control & Reagent,2027-01-01,Revenue,ETS,9.523763738700556
CFPO-232,Control & Reagent,2027-02-01,Revenue,ETS,9.523763738700556
CFPO-232,Control & Reagent,2027-03-01,Revenue,ETS,9.523763738700556
CFPO-232,Control & Reagent,2027-04-01,Revenue,ETS,9.523763738700556
CFPO-232,Control & Reagent,2027-05-01,Revenue,ETS,9.523763738700556
CFPO-232,Control & Reagent,2027-06-01,Revenue,ETS,9.523763738700556
CFPO-232,Control & Reagent,2027-07-01,Revenue,ETS,9.523763738700556
CFPO-232,Control & Reagent,2027-08-01,Revenue,ETS,9.523763738700556
CFPO-232,Control & Reagent,2027-09-01,Revenue,ETS,9.523763738700556
CFPO-232,Control & Reagent,2027-10-01,Revenue,ETS,9.523763738700556
CFPO-232,Control & Reagent,2027-11-01,Revenue,ETS,9.523763738700556
CFPO-232,Control & Reagent,2027-12-01,Revenue,ETS,9.523763738700556
CFPO-238,Control & Reagent,2026-10-01,Quantity,ETS,0.047615110577549614
CFPO-238,Control & Reagent,2026-11-01,Quantity,ETS,0.047615110577549614
CFPO-238,Control & Reagent,2026-12-01,Quantity,ETS,0.047615110577549614
CFPO-238,Control & Reagent,2027-01-01,Quantity,ETS,0.047615110577549614
CFPO-238,Control & Reagent,2027-02-01,Quantity,ETS,0.047615110577549614
CFPO-238,Control & Reagent,2027-03-01,Quantity,ETS,0.047615110577549614
CFPO-238,Control & Reagent,2027-04-01,Quantity,ETS,0.047615110577549614
CFPO-238,Control & Reagent,2027-05-01,Quantity,ETS,0.047615110577549614
CFPO-238,Control & Reagent,2027-06-01,Quantity,ETS,0.047615110577549614
CFPO-238,Control & Reagent,2027-07-01,Quantity,ETS,0.047615110577549614
CFPO-238,Control & Reagent,2027-08-01,Quantity,ETS,0.047615110577549614
CFPO-238,Control & Reagent,2027-09-01,Quantity,ETS,0.047615110577549614
CFPO-238,Control & Reagent,2027-10-01,Quantity,ETS,0.047615110577549614
CFPO-238,Control & Reagent,2027-11-01,Quantity,ETS,0.047615110577549614
CFPO-238,Control & Reagent,2027-12-01,Quantity,ETS,0.047615110577549614
CFPO-238,Control & Reagent,2026-10-01,Revenue,ETS,0
CFPO-238,Control & Reagent,2026-11-01,Revenue,ETS,0
CFPO-238,Control & Reagent,2026-12-01,Revenue,ETS,0
CFPO-238,Control & Reagent,2027-01-01,Revenue,ETS,0
CFPO-238,Control & Reagent,2027-02-01,Revenue,ETS,0
CFPO-238,Control & Reagent,2027-03-01,Revenue,ETS,0
CFPO-238,Control & Reagent,2027-04-01,Revenue,ETS,0
CFPO-238,Control & Reagent,2027-05-01,Revenue,ETS,0
CFPO-238,Control & Reagent,2027-06-01,Revenue,ETS,0
CFPO-238,Control & Reagent,2027-07-01,Revenue,ETS,0
CFPO-238,Control & Reagent,2027-08-01,Revenue,ETS,0
CFPO-238,Control & Reagent,2027-09-01,Revenue,ETS,0
CFPO-238,Control & Reagent,2027-10-01,Revenue,ETS,0
CFPO-238,Control & Reagent,2027-11-01,Revenue,ETS,0
CFPO-238,Control & Reagent,2027-12-01,Revenue,ETS,0
CFPO-239,Control & Reagent,2026-10-01,Quantity,ETS,0.047615110577549614
CFPO-239,Control & Reagent,2026-11-01,Quantity,ETS,0.047615110577549614
CFPO-239,Control & Reagent,2026-12-01,Quantity,ETS,0.047615110577549614
CFPO-239,Control & Reagent,2027-01-01,Quantity,ETS,0.047615110577549614
CFPO-239,Control & Reagent,2027-02-01,Quantity,ETS,0.047615110577549614
CFPO-239,Control & Reagent,2027-03-01,Quantity,ETS,0.047615110577549614
CFPO-239,Control & Reagent,2027-04-01,Quantity,ETS,0.047615110577549614
CFPO-239,Control & Reagent,2027-05-01,Quantity,ETS,0.047615110577549614
CFPO-239,Control & Reagent,2027-06-01,Quantity,ETS,0.047615110577549614
CFPO-239,Control & Reagent,2027-07-01,Quantity,ETS,0.047615110577549614
CFPO-239,Control & Reagent,2027-08-01,Quantity,ETS,0.047615110577549614
CFPO-239,Control & Reagent,2027-09-01,Quantity,ETS,0.047615110577549614
CFPO-239,Control & Reagent,2027-10-01,Quantity,ETS,0.047615110577549614
CFPO-239,Control & Reagent,2027-11-01,Quantity,ETS,0.047615110577549614
CFPO-239,Control & Reagent,2027-12-01,Quantity,ETS,0.047615110577549614
CFPO-239,Control & Reagent,2026-10-01,Revenue,ETS,0
CFPO-239,Control & Reagent,2026-11-01,Revenue,ETS,0
CFPO-239,Control & Reagent,2026-12-01,Revenue,ETS,0
CFPO-239,Control & Reagent,2027-01-01,Revenue,ETS,0
CFPO-239,Control & Reagent,2027-02-01,Revenue,ETS,0
CFPO-239,Control & Reagent,2027-03-01,Revenue,ETS,0
CFPO-239,Control & Reagent,2027-04-01,Revenue,ETS,0
CFPO-239,Control & Reagent,2027-05-01,Revenue,ETS,0
CFPO-239,Control & Reagent,2027-06-01,Revenue,ETS,0
CFPO-239,Control & Reagent,2027-07-01,Revenue,ETS,0
CFPO-239,Control & Reagent,2027-08-01,Revenue,ETS,0
CFPO-239,Control & Reagent,2027-09-01,Revenue,ETS,0
CFPO-239,Control & Reagent,2027-10-01,Revenue,ETS,0
CFPO-239,Control & Reagent,2027-11-01,Revenue,ETS,0
CFPO-239,Control & Reagent,2027-12-01,Revenue,ETS,0
CFPO-243,Control & Reagent,2026-10-01,Quantity,ETS,0.047617929389374813
CFPO-243,Control & Reagent,2026-11-01,Quantity,ETS,0.047617929389374813
CFPO-243,Control & Reagent,2026-12-01,Quantity,ETS,0.047617929389374813
CFPO-243,Control & Reagent,2027-01-01,Quantity,ETS,0.047617929389374813
CFPO-243,Control & Reagent,2027-02-01,Quantity,ETS,0.047617929389374813
CFPO-243,Control & Reagent,2027-03-01,Quantity,ETS,0.047617929389374813
CFPO-243,Control & Reagent,2027-04-01,Quantity,ETS,0.047617929389374813
CFPO-243,Control & Reagent,2027-05-01,Quantity,ETS,0.047617929389374813
CFPO-243,Control & Reagent,2027-06-01,Quantity,ETS,0.047617929389374813
CFPO-243,Control & Reagent,2027-07-01,Quantity,ETS,0.047617929389374813
CFPO-243,Control & Reagent,2027-08-01,Quantity,ETS,0.047617929389374813
CFPO-243,Control & Reagent,2027-09-01,Quantity,ETS,0.047617929389374813
CFPO-243,Control & Reagent,2027-10-01,Quantity,ETS,0.047617929389374813
CFPO-243,Control & Reagent,2027-11-01,Quantity,ETS,0.047617929389374813
CFPO-243,Control & Reagent,2027-12-01,Quantity,ETS,0.047617929389374813
CFPO-243,Control & Reagent,2026-10-01,Revenue,ETS,19.048412596711785
CFPO-243,Control & Reagent,2026-11-01,Revenue,ETS,19.048412596711785
CFPO-243,Control & Reagent,2026-12-01,Revenue,ETS,19.048412596711785
CFPO-243,Control & Reagent,2027-01-01,Revenue,ETS,19.048412596711785
CFPO-243,Control & Reagent,2027-02-01,Revenue,ETS,19.048412596711785
CFPO-243,Control & Reagent,2027-03-01,Revenue,ETS,19.048412596711785
CFPO-243,Control & Reagent,2027-04-01,Revenue,ETS,19.048412596711785
CFPO-243,Control & Reagent,2027-05-01,Revenue,ETS,19.048412596711785
CFPO-243,Control & Reagent,2027-06-01,Revenue,ETS,19.048412596711785
CFPO-243,Control & Reagent,2027-07-01,Revenue,ETS,19.048412596711785
CFPO-243,Control & Reagent,2027-08-01,Revenue,ETS,19.048412596711785
CFPO-243,Control & Reagent,2027-09-01,Revenue,ETS,19.048412596711785
CFPO-243,Control & Reagent,2027-10-01,Revenue,ETS,19.048412596711785
CFPO-243,Control & Reagent,2027-11-01,Revenue,ETS,19.048412596711785
CFPO-243,Control & Reagent,2027-12-01,Revenue,ETS,19.048412596711785
CFPO-245,Control & Reagent,2026-10-01,Quantity,ETS,0.14283294505295438
CFPO-245,Control & Reagent,2026-11-01,Quantity,ETS,0.14283294505295438
CFPO-245,Control & Reagent,2026-12-01,Quantity,ETS,0.14283294505295438
CFPO-245,Control & Reagent,2027-01-01,Quantity,ETS,0.14283294505295438
CFPO-245,Control & Reagent,2027-02-01,Quantity,ETS,0.14283294505295438
CFPO-245,Control & Reagent,2027-03-01,Quantity,ETS,0.14283294505295438
CFPO-245,Control & Reagent,2027-04-01,Quantity,ETS,0.14283294505295438
CFPO-245,Control & Reagent,2027-05-01,Quantity,ETS,0.14283294505295438
CFPO-245,Control & Reagent,2027-06-01,Quantity,ETS,0.14283294505295438
CFPO-245,Control & Reagent,2027-07-01,Quantity,ETS,0.14283294505295438
CFPO-245,Control & Reagent,2027-08-01,Quantity,ETS,0.14283294505295438
CFPO-245,Control & Reagent,2027-09-01,Quantity,ETS,0.14283294505295438
CFPO-245,Control & Reagent,2027-10-01,Quantity,ETS,0.14283294505295438
CFPO-245,Control & Reagent,2027-11-01,Quantity,ETS,0.14283294505295438
CFPO-245,Control & Reagent,2027-12-01,Quantity,ETS,0.14283294505295438
CFPO-245,Control & Reagent,2026-10-01,Revenue,ETS,19.048279190449673
CFPO-245,Control & Reagent,2026-11-01,Revenue,ETS,19.048279190449673
CFPO-245,Control & Reagent,2026-12-01,Revenue,ETS,19.048279190449673
CFPO-245,Control & Reagent,2027-01-01,Revenue,ETS,19.048279190449673
CFPO-245,Control & Reagent,2027-02-01,Revenue,ETS,19.048279190449673
CFPO-245,Control & Reagent,2027-03-01,Revenue,ETS,19.048279190449673
CFPO-245,Control & Reagent,2027-04-01,Revenue,ETS,19.048279190449673
CFPO-245,Control & Reagent,2027-05-01,Revenue,ETS,19.048279190449673
CFPO-245,Control & Reagent,2027-06-01,Revenue,ETS,19.048279190449673
CFPO-245,Control & Reagent,2027-07-01,Revenue,ETS,19.048279190449673
CFPO-245,Control & Reagent,2027-08-01,Revenue,ETS,19.048279190449673
CFPO-245,Control & Reagent,2027-09-01,Revenue,ETS,19.048279190449673
CFPO-245,Control & Reagent,2027-10-01,Revenue,ETS,19.048279190449673
CFPO-245,Control & Reagent,2027-11-01,Revenue,ETS,19.048279190449673
CFPO-245,Control & Reagent,2027-12-01,Revenue,ETS,19.048279190449673
CFPO-294,Control & Reagent,2026-10-01,Quantity,ETS,0.0952549912005491
CFPO-294,Control & Reagent,2026-11-01,Quantity,ETS,0.0952549912005491
CFPO-294,Control & Reagent,2026-12-01,Quantity,ETS,0.0952549912005491
CFPO-294,Control & Reagent,2027-01-01,Quantity,ETS,0.0952549912005491
CFPO-294,Control & Reagent,2027-02-01,Quantity,ETS,0.0952549912005491
CFPO-294,Control & Reagent,2027-03-01,Quantity,ETS,0.0952549912005491
CFPO-294,Control & Reagent,2027-04-01,Quantity,ETS,0.0952549912005491
CFPO-294,Control & Reagent,2027-05-01,Quantity,ETS,0.0952549912005491
CFPO-294,Control & Reagent,2027-06-01,Quantity,ETS,0.0952549912005491
CFPO-294,Control & Reagent,2027-07-01,Quantity,ETS,0.0952549912005491
CFPO-294,Control & Reagent,2027-08-01,Quantity,ETS,0.0952549912005491
CFPO-294,Control & Reagent,2027-09-01,Quantity,ETS,0.0952549912005491
CFPO-294,Control & Reagent,2027-10-01,Quantity,ETS,0.0952549912005491
CFPO-294,Control & Reagent,2027-11-01,Quantity,ETS,0.0952549912005491
CFPO-294,Control & Reagent,2027-12-01,Quantity,ETS,0.0952549912005491
CFPO-294,Control & Reagent,2026-10-01,Revenue,ETS,14.287588993528514
CFPO-294,Control & Reagent,2026-11-01,Revenue,ETS,14.287588993528514
CFPO-294,Control & Reagent,2026-12-01,Revenue,ETS,14.287588993528514
CFPO-294,Control & Reagent,2027-01-01,Revenue,ETS,14.287588993528514
CFPO-294,Control & Reagent,2027-02-01,Revenue,ETS,14.287588993528514
CFPO-294,Control & Reagent,2027-03-01,Revenue,ETS,14.287588993528514
CFPO-294,Control & Reagent,2027-04-01,Revenue,ETS,14.287588993528514
CFPO-294,Control & Reagent,2027-05-01,Revenue,ETS,14.287588993528514
CFPO-294,Control & Reagent,2027-06-01,Revenue,ETS,14.287588993528514
CFPO-294,Control & Reagent,2027-07-01,Revenue,ETS,14.287588993528514
CFPO-294,Control & Reagent,2027-08-01,Revenue,ETS,14.287588993528514
CFPO-294,Control & Reagent,2027-09-01,Revenue,ETS,14.287588993528514
CFPO-294,Control & Reagent,2027-10-01,Revenue,ETS,14.287588993528514
CFPO-294,Control & Reagent,2027-11-01,Revenue,ETS,14.287588993528514
CFPO-294,Control & Reagent,2027-12-01,Revenue,ETS,14.287588993528514
CFPO-299,Control & Reagent,2026-10-01,Quantity,ETS,0.9999999865099622
CFPO-299,Control & Reagent,2026-11-01,Quantity,ETS,0.9999999865099622
CFPO-299,Control & Reagent,2026-12-01,Quantity,ETS,0.9999999865099622
CFPO-299,Control & Reagent,2027-01-01,Quantity,ETS,0.9999999865099622
CFPO-299,Control & Reagent,2027-02-01,Quantity,ETS,0.9999999865099622
CFPO-299,Control & Reagent,2027-03-01,Quantity,ETS,0.9999999865099622
CFPO-299,Control & Reagent,2027-04-01,Quantity,ETS,0.9999999865099622
CFPO-299,Control & Reagent,2027-05-01,Quantity,ETS,0.9999999865099622
CFPO-299,Control & Reagent,2027-06-01,Quantity,ETS,0.9999999865099622
CFPO-299,Control & Reagent,2027-07-01,Quantity,ETS,0.9999999865099622
CFPO-299,Control & Reagent,2027-08-01,Quantity,ETS,0.9999999865099622
CFPO-299,Control & Reagent,2027-09-01,Quantity,ETS,0.9999999865099622
CFPO-299,Control & Reagent,2027-10-01,Quantity,ETS,0.9999999865099622
CFPO-299,Control & Reagent,2027-11-01,Quantity,ETS,0.9999999865099622
CFPO-299,Control & Reagent,2027-12-01,Quantity,ETS,0.9999999865099622
CFPO-299,Control & Reagent,2026-10-01,Revenue,ETS,200.09978653637506
CFPO-299,Control & Reagent,2026-11-01,Revenue,ETS,200.09978653637506
CFPO-299,Control & Reagent,2026-12-01,Revenue,ETS,200.09978653637506
CFPO-299,Control & Reagent,2027-01-01,Revenue,ETS,200.09978653637506
CFPO-299,Control & Reagent,2027-02-01,Revenue,ETS,200.09978653637506
CFPO-299,Control & Reagent,2027-03-01,Revenue,ETS,200.09978653637506
CFPO-299,Control & Reagent,2027-04-01,Revenue,ETS,200.09978653637506
CFPO-299,Control & Reagent,2027-05-01,Revenue,ETS,200.09978653637506
CFPO-299,Control & Reagent,2027-06-01,Revenue,ETS,200.09978653637506
CFPO-299,Control & Reagent,2027-07-01,Revenue,ETS,200.09978653637506
CFPO-299,Control & Reagent,2027-08-01,Revenue,ETS,200.09978653637506
CFPO-299,Control & Reagent,2027-09-01,Revenue,ETS,200.09978653637506
CFPO-299,Control & Reagent,2027-10-01,Revenue,ETS,200.09978653637506
CFPO-299,Control & Reagent,2027-11-01,Revenue,ETS,200.09978653637506
CFPO-299,Control & Reagent,2027-12-01,Revenue,ETS,200.09978653637506
CFPO-300,Control & Reagent,2026-10-01,Quantity,ETS,0.047619112888302284
CFPO-300,Control & Reagent,2026-11-01,Quantity,ETS,0.047619112888302284
CFPO-300,Control & Reagent,2026-12-01,Quantity,ETS,0.047619112888302284
CFPO-300,Control & Reagent,2027-01-01,Quantity,ETS,0.047619112888302284
CFPO-300,Control & Reagent,2027-02-01,Quantity,ETS,0.047619112888302284
CFPO-300,Control & Reagent,2027-03-01,Quantity,ETS,0.047619112888302284
CFPO-300,Control & Reagent,2027-04-01,Quantity,ETS,0.047619112888302284
CFPO-300,Control & Reagent,2027-05-01,Quantity,ETS,0.047619112888302284
CFPO-300,Control & Reagent,2027-06-01,Quantity,ETS,0.047619112888302284
CFPO-300,Control & Reagent,2027-07-01,Quantity,ETS,0.047619112888302284
CFPO-300,Control & Reagent,2027-08-01,Quantity,ETS,0.047619112888302284
CFPO-300,Control & Reagent,2027-09-01,Quantity,ETS,0.047619112888302284
CFPO-300,Control & Reagent,2027-10-01,Quantity,ETS,0.047619112888302284
CFPO-300,Control & Reagent,2027-11-01,Quantity,ETS,0.047619112888302284
CFPO-300,Control & Reagent,2027-12-01,Quantity,ETS,0.047619112888302284
CFPO-300,Control & Reagent,2026-10-01,Revenue,ETS,10.02471835471109
CFPO-300,Control & Reagent,2026-11-01,Revenue,ETS,10.02471835471109
CFPO-300,Control & Reagent,2026-12-01,Revenue,ETS,10.02471835471109
CFPO-300,Control & Reagent,2027-01-01,Revenue,ETS,10.02471835471109
CFPO-300,Control & Reagent,2027-02-01,Revenue,ETS,10.02471835471109
CFPO-300,Control & Reagent,2027-03-01,Revenue,ETS,10.02471835471109
CFPO-300,Control & Reagent,2027-04-01,Revenue,ETS,10.02471835471109
CFPO-300,Control & Reagent,2027-05-01,Revenue,ETS,10.02471835471109
CFPO-300,Control & Reagent,2027-06-01,Revenue,ETS,10.02471835471109
CFPO-300,Control & Reagent,2027-07-01,Revenue,ETS,10.02471835471109
CFPO-300,Control & Reagent,2027-08-01,Revenue,ETS,10.02471835471109
CFPO-300,Control & Reagent,2027-09-01,Revenue,ETS,10.02471835471109
CFPO-300,Control & Reagent,2027-10-01,Revenue,ETS,10.02471835471109
CFPO-300,Control & Reagent,2027-11-01,Revenue,ETS,10.02471835471109
CFPO-300,Control & Reagent,2027-12-01,Revenue,ETS,10.02471835471109
CFPO-306,Control & Reagent,2026-10-01,Quantity,ETS,0.047615336223233856
CFPO-306,Control & Reagent,2026-11-01,Quantity,ETS,0.047615336223233856
CFPO-306,Control & Reagent,2026-12-01,Quantity,ETS,0.047615336223233856
CFPO-306,Control & Reagent,2027-01-01,Quantity,ETS,0.047615336223233856
CFPO-306,Control & Reagent,2027-02-01,Quantity,ETS,0.047615336223233856
CFPO-306,Control & Reagent,2027-03-01,Quantity,ETS,0.047615336223233856
CFPO-306,Control & Reagent,2027-04-01,Quantity,ETS,0.047615336223233856
CFPO-306,Control & Reagent,2027-05-01,Quantity,ETS,0.047615336223233856
CFPO-306,Control & Reagent,2027-06-01,Quantity,ETS,0.047615336223233856
CFPO-306,Control & Reagent,2027-07-01,Quantity,ETS,0.047615336223233856
CFPO-306,Control & Reagent,2027-08-01,Quantity,ETS,0.047615336223233856
CFPO-306,Control & Reagent,2027-09-01,Quantity,ETS,0.047615336223233856
CFPO-306,Control & Reagent,2027-10-01,Quantity,ETS,0.047615336223233856
CFPO-306,Control & Reagent,2027-11-01,Quantity,ETS,0.047615336223233856
CFPO-306,Control & Reagent,2027-12-01,Quantity,ETS,0.047615336223233856
CFPO-306,Control & Reagent,2026-10-01,Revenue,ETS,9.529959665764663
CFPO-306,Control & Reagent,2026-11-01,Revenue,ETS,9.529959665764663
CFPO-306,Control & Reagent,2026-12-01,Revenue,ETS,9.529959665764663
CFPO-306,Control & Reagent,2027-01-01,Revenue,ETS,9.529959665764663
CFPO-306,Control & Reagent,2027-02-01,Revenue,ETS,9.529959665764663
CFPO-306,Control & Reagent,2027-03-01,Revenue,ETS,9.529959665764663
CFPO-306,Control & Reagent,2027-04-01,Revenue,ETS,9.529959665764663
CFPO-306,Control & Reagent,2027-05-01,Revenue,ETS,9.529959665764663
CFPO-306,Control & Reagent,2027-06-01,Revenue,ETS,9.529959665764663
CFPO-306,Control & Reagent,2027-07-01,Revenue,ETS,9.529959665764663
CFPO-306,Control & Reagent,2027-08-01,Revenue,ETS,9.529959665764663
CFPO-306,Control & Reagent,2027-09-01,Revenue,ETS,9.529959665764663
CFPO-306,Control & Reagent,2027-10-01,Revenue,ETS,9.529959665764663
CFPO-306,Control & Reagent,2027-11-01,Revenue,ETS,9.529959665764663
CFPO-306,Control & Reagent,2027-12-01,Revenue,ETS,9.529959665764663
CFPO-366,Control & Reagent,2026-10-01,Quantity,ETS,0.047617929389374813
CFPO-366,Control & Reagent,2026-11-01,Quantity,ETS,0.047617929389374813
CFPO-366,Control & Reagent,2026-12-01,Quantity,ETS,0.047617929389374813
CFPO-366,Control & Reagent,2027-01-01,Quantity,ETS,0.047617929389374813
CFPO-366,Control & Reagent,2027-02-01,Quantity,ETS,0.047617929389374813
CFPO-366,Control & Reagent,2027-03-01,Quantity,ETS,0.047617929389374813
CFPO-366,Control & Reagent,2027-04-01,Quantity,ETS,0.047617929389374813
CFPO-366,Control & Reagent,2027-05-01,Quantity,ETS,0.047617929389374813
CFPO-366,Control & Reagent,2027-06-01,Quantity,ETS,0.047617929389374813
CFPO-366,Control & Reagent,2027-07-01,Quantity,ETS,0.047617929389374813
CFPO-366,Control & Reagent,2027-08-01,Quantity,ETS,0.047617929389374813
CFPO-366,Control & Reagent,2027-09-01,Quantity,ETS,0.047617929389374813
CFPO-366,Control & Reagent,2027-10-01,Quantity,ETS,0.047617929389374813
CFPO-366,Control & Reagent,2027-11-01,Quantity,ETS,0.047617929389374813
CFPO-366,Control & Reagent,2027-12-01,Quantity,ETS,0.047617929389374813
CFPO-366,Control & Reagent,2026-10-01,Revenue,ETS,22.894768819755395
CFPO-366,Control & Reagent,2026-11-01,Revenue,ETS,22.894768819755395
CFPO-366,Control & Reagent,2026-12-01,Revenue,ETS,22.894768819755395
CFPO-366,Control & Reagent,2027-01-01,Revenue,ETS,22.894768819755395
CFPO-366,Control & Reagent,2027-02-01,Revenue,ETS,22.894768819755395
CFPO-366,Control & Reagent,2027-03-01,Revenue,ETS,22.894768819755395
CFPO-366,Control & Reagent,2027-04-01,Revenue,ETS,22.894768819755395
CFPO-366,Control & Reagent,2027-05-01,Revenue,ETS,22.894768819755395
CFPO-366,Control & Reagent,2027-06-01,Revenue,ETS,22.894768819755395
CFPO-366,Control & Reagent,2027-07-01,Revenue,ETS,22.894768819755395
CFPO-366,Control & Reagent,2027-08-01,Revenue,ETS,22.894768819755395
CFPO-366,Control & Reagent,2027-09-01,Revenue,ETS,22.894768819755395
CFPO-366,Control & Reagent,2027-10-01,Revenue,ETS,22.894768819755395
CFPO-366,Control & Reagent,2027-11-01,Revenue,ETS,22.894768819755395
CFPO-366,Control & Reagent,2027-12-01,Revenue,ETS,22.894768819755395
CFPO-374,Control & Reagent,2026-10-01,Quantity,ETS,0.04761413215674881
CFPO-374,Control & Reagent,2026-11-01,Quantity,ETS,0.04761413215674881
CFPO-374,Control & Reagent,2026-12-01,Quantity,ETS,0.04761413215674881
CFPO-374,Control & Reagent,2027-01-01,Quantity,ETS,0.04761413215674881
CFPO-374,Control & Reagent,2027-02-01,Quantity,ETS,0.04761413215674881
CFPO-374,Control & Reagent,2027-03-01,Quantity,ETS,0.04761413215674881
CFPO-374,Control & Reagent,2027-04-01,Quantity,ETS,0.04761413215674881
CFPO-374,Control & Reagent,2027-05-01,Quantity,ETS,0.04761413215674881
CFPO-374,Control & Reagent,2027-06-01,Quantity,ETS,0.04761413215674881
CFPO-374,Control & Reagent,2027-07-01,Quantity,ETS,0.04761413215674881
CFPO-374,Control & Reagent,2027-08-01,Quantity,ETS,0.04761413215674881
CFPO-374,Control & Reagent,2027-09-01,Quantity,ETS,0.04761413215674881
CFPO-374,Control & Reagent,2027-10-01,Quantity,ETS,0.04761413215674881
CFPO-374,Control & Reagent,2027-11-01,Quantity,ETS,0.04761413215674881
CFPO-374,Control & Reagent,2027-12-01,Quantity,ETS,0.04761413215674881
CFPO-374,Control & Reagent,2026-10-01,Revenue,ETS,7.626481302776951
CFPO-374,Control & Reagent,2026-11-01,Revenue,ETS,7.626481302776951
CFPO-374,Control & Reagent,2026-12-01,Revenue,ETS,7.626481302776951
CFPO-374,Control & Reagent,2027-01-01,Revenue,ETS,7.626481302776951
CFPO-374,Control & Reagent,2027-02-01,Revenue,ETS,7.626481302776951
CFPO-374,Control & Reagent,2027-03-01,Revenue,ETS,7.626481302776951
CFPO-374,Control & Reagent,2027-04-01,Revenue,ETS,7.626481302776951
CFPO-374,Control & Reagent,2027-05-01,Revenue,ETS,7.626481302776951
CFPO-374,Control & Reagent,2027-06-01,Revenue,ETS,7.626481302776951
CFPO-374,Control & Reagent,2027-07-01,Revenue,ETS,7.626481302776951
CFPO-374,Control & Reagent,2027-08-01,Revenue,ETS,7.626481302776951
CFPO-374,Control & Reagent,2027-09-01,Revenue,ETS,7.626481302776951
CFPO-374,Control & Reagent,2027-10-01,Revenue,ETS,7.626481302776951
CFPO-374,Control & Reagent,2027-11-01,Revenue,ETS,7.626481302776951
CFPO-374,Control & Reagent,2027-12-01,Revenue,ETS,7.626481302776951
CFPO-97,Control & Reagent,2026-10-01,Quantity,ETS,0.047615336223233856
CFPO-97,Control & Reagent,2026-11-01,Quantity,ETS,0.047615336223233856
CFPO-97,Control & Reagent,2026-12-01,Quantity,ETS,0.047615336223233856
CFPO-97,Control & Reagent,2027-01-01,Quantity,ETS,0.047615336223233856
CFPO-97,Control & Reagent,2027-02-01,Quantity,ETS,0.047615336223233856
CFPO-97,Control & Reagent,2027-03-01,Quantity,ETS,0.047615336223233856
CFPO-97,Control & Reagent,2027-04-01,Quantity,ETS,0.047615336223233856
CFPO-97,Control & Reagent,2027-05-01,Quantity,ETS,0.047615336223233856
CFPO-97,Control & Reagent,2027-06-01,Quantity,ETS,0.047615336223233856
CFPO-97,Control & Reagent,2027-07-01,Quantity,ETS,0.047615336223233856
CFPO-97,Control & Reagent,2027-08-01,Quantity,ETS,0.047615336223233856
CFPO-97,Control & Reagent,2027-09-01,Quantity,ETS,0.047615336223233856
CFPO-97,Control & Reagent,2027-10-01,Quantity,ETS,0.047615336223233856
CFPO-97,Control & Reagent,2027-11-01,Quantity,ETS,0.047615336223233856
CFPO-97,Control & Reagent,2027-12-01,Quantity,ETS,0.047615336223233856
CFPO-97,Control & Reagent,2026-10-01,Revenue,ETS,9.529959665764663
CFPO-97,Control & Reagent,2026-11-01,Revenue,ETS,9.529959665764663
CFPO-97,Control & Reagent,2026-12-01,Revenue,ETS,9.529959665764663
CFPO-97,Control & Reagent,2027-01-01,Revenue,ETS,9.529959665764663
CFPO-97,Control & Reagent,2027-02-01,Revenue,ETS,9.529959665764663
CFPO-97,Control & Reagent,2027-03-01,Revenue,ETS,9.529959665764663
CFPO-97,Control & Reagent,2027-04-01,Revenue,ETS,9.529959665764663
CFPO-97,Control & Reagent,2027-05-01,Revenue,ETS,9.529959665764663
CFPO-97,Control & Reagent,2027-06-01,Revenue,ETS,9.529959665764663
CFPO-97,Control & Reagent,2027-07-01,Revenue,ETS,9.529959665764663
CFPO-97,Control & Reagent,2027-08-01,Revenue,ETS,9.529959665764663
CFPO-97,Control & Reagent,2027-09-01,Revenue,ETS,9.529959665764663
CFPO-97,Control & Reagent,2027-10-01,Revenue,ETS,9.529959665764663
CFPO-97,Control & Reagent,2027-11-01,Revenue,ETS,9.529959665764663
CFPO-97,Control & Reagent,2027-12-01,Revenue,ETS,9.529959665764663
CMRT149,Other,2026-10-01,Quantity,ETS,0.4762799897682709
CMRT149,Other,2026-11-01,Quantity,ETS,0.4762799897682709
CMRT149,Other,2026-12-01,Quantity,ETS,0.4762799897682709
CMRT149,Other,2027-01-01,Quantity,ETS,0.4762799897682709
CMRT149,Other,2027-02-01,Quantity,ETS,0.4762799897682709
CMRT149,Other,2027-03-01,Quantity,ETS,0.4762799897682709
CMRT149,Other,2027-04-01,Quantity,ETS,0.4762799897682709
CMRT149,Other,2027-05-01,Quantity,ETS,0.4762799897682709
CMRT149,Other,2027-06-01,Quantity,ETS,0.4762799897682709
CMRT149,Other,2027-07-01,Quantity,ETS,0.4762799897682709
CMRT149,Other,2027-08-01,Quantity,ETS,0.4762799897682709
CMRT149,Other,2027-09-01,Quantity,ETS,0.4762799897682709
CMRT149,Other,2027-10-01,Quantity,ETS,0.4762799897682709
CMRT149,Other,2027-11-01,Quantity,ETS,0.4762799897682709
CMRT149,Other,2027-12-01,Quantity,ETS,0.4762799897682709
CMRT149,Other,2026-10-01,Revenue,ETS,9.519851726485369
CMRT149,Other,2026-11-01,Revenue,ETS,9.519851726485369
CMRT149,Other,2026-12-01,Revenue,ETS,9.519851726485369
CMRT149,Other,2027-01-01,Revenue,ETS,9.519851726485369
CMRT149,Other,2027-02-01,Revenue,ETS,9.519851726485369
CMRT149,Other,2027-03-01,Revenue,ETS,9.519851726485369
CMRT149,Other,2027-04-01,Revenue,ETS,9.519851726485369
CMRT149,Other,2027-05-01,Revenue,ETS,9.519851726485369
CMRT149,Other,2027-06-01,Revenue,ETS,9.519851726485369
CMRT149,Other,2027-07-01,Revenue,ETS,9.519851726485369
CMRT149,Other,2027-08-01,Revenue,ETS,9.519851726485369
CMRT149,Other,2027-09-01,Revenue,ETS,9.519851726485369
CMRT149,Other,2027-10-01,Revenue,ETS,9.519851726485369
CMRT149,Other,2027-11-01,Revenue,ETS,9.519851726485369
CMRT149,Other,2027-12-01,Revenue,ETS,9.519851726485369
FPRR019,Machine,2026-10-01,Quantity,ETS,0.14287943584577126
FPRR019,Machine,2026-11-01,Quantity,ETS,0.14287943584577126
FPRR019,Machine,2026-12-01,Quantity,ETS,0.14287943584577126
FPRR019,Machine,2027-01-01,Quantity,ETS,0.14287943584577126
FPRR019,Machine,2027-02-01,Quantity,ETS,0.14287943584577126
FPRR019,Machine,2027-03-01,Quantity,ETS,0.14287943584577126
FPRR019,Machine,2027-04-01,Quantity,ETS,0.14287943584577126
FPRR019,Machine,2027-05-01,Quantity,ETS,0.14287943584577126
FPRR019,Machine,2027-06-01,Quantity,ETS,0.14287943584577126
FPRR019,Machine,2027-07-01,Quantity,ETS,0.14287943584577126
FPRR019,Machine,2027-08-01,Quantity,ETS,0.14287943584577126
FPRR019,Machine,2027-09-01,Quantity,ETS,0.14287943584577126
FPRR019,Machine,2027-10-01,Quantity,ETS,0.14287943584577126
FPRR019,Machine,2027-11-01,Quantity,ETS,0.14287943584577126
FPRR019,Machine,2027-12-01,Quantity,ETS,0.14287943584577126
FPRR019,Machine,2026-10-01,Revenue,ETS,2470.360449315313
FPRR019,Machine,2026-11-01,Revenue,ETS,2470.360449315313
FPRR019,Machine,2026-12-01,Revenue,ETS,2470.360449315313
FPRR019,Machine,2027-01-01,Revenue,ETS,2470.360449315313
FPRR019,Machine,2027-02-01,Revenue,ETS,2470.360449315313
FPRR019,Machine,2027-03-01,Revenue,ETS,2470.360449315313
FPRR019,Machine,2027-04-01,Revenue,ETS,2470.360449315313
FPRR019,Machine,2027-05-01,Revenue,ETS,2470.360449315313
FPRR019,Machine,2027-06-01,Revenue,ETS,2470.360449315313
FPRR019,Machine,2027-07-01,Revenue,ETS,2470.360449315313
FPRR019,Machine,2027-08-01,Revenue,ETS,2470.360449315313
FPRR019,Machine,2027-09-01,Revenue,ETS,2470.360449315313
FPRR019,Machine,2027-10-01,Revenue,ETS,2470.360449315313
FPRR019,Machine,2027-11-01,Revenue,ETS,2470.360449315313
FPRR019,Machine,2027-12-01,Revenue,ETS,2470.360449315313
FPRR040,Machine,2026-10-01,Quantity,ETS,0.14284026306093436
FPRR040,Machine,2026-11-01,Quantity,ETS,0.14284026306093436
FPRR040,Machine,2026-12-01,Quantity,ETS,0.14284026306093436
FPRR040,Machine,2027-01-01,Quantity,ETS,0.14284026306093436
FPRR040,Machine,2027-02-01,Quantity,ETS,0.14284026306093436
FPRR040,Machine,2027-03-01,Quantity,ETS,0.14284026306093436
FPRR040,Machine,2027-04-01,Quantity,ETS,0.14284026306093436
FPRR040,Machine,2027-05-01,Quantity,ETS,0.14284026306093436
FPRR040,Machine,2027-06-01,Quantity,ETS,0.14284026306093436
FPRR040,Machine,2027-07-01,Quantity,ETS,0.14284026306093436
FPRR040,Machine,2027-08-01,Quantity,ETS,0.14284026306093436
FPRR040,Machine,2027-09-01,Quantity,ETS,0.14284026306093436
FPRR040,Machine,2027-10-01,Quantity,ETS,0.14284026306093436
FPRR040,Machine,2027-11-01,Quantity,ETS,0.14284026306093436
FPRR040,Machine,2027-12-01,Quantity,ETS,0.14284026306093436
FPRR040,Machine,2026-10-01,Revenue,ETS,4147.630968834536
FPRR040,Machine,2026-11-01,Revenue,ETS,4147.630968834536
FPRR040,Machine,2026-12-01,Revenue,ETS,4147.630968834536
FPRR040,Machine,2027-01-01,Revenue,ETS,4147.630968834536
FPRR040,Machine,2027-02-01,Revenue,ETS,4147.630968834536
FPRR040,Machine,2027-03-01,Revenue,ETS,4147.630968834536
FPRR040,Machine,2027-04-01,Revenue,ETS,4147.630968834536
FPRR040,Machine,2027-05-01,Revenue,ETS,4147.630968834536
FPRR040,Machine,2027-06-01,Revenue,ETS,4147.630968834536
FPRR040,Machine,2027-07-01,Revenue,ETS,4147.630968834536
FPRR040,Machine,2027-08-01,Revenue,ETS,4147.630968834536
FPRR040,Machine,2027-09-01,Revenue,ETS,4147.630968834536
FPRR040,Machine,2027-10-01,Revenue,ETS,4147.630968834536
FPRR040,Machine,2027-11-01,Revenue,ETS,4147.630968834536
FPRR040,Machine,2027-12-01,Revenue,ETS,4147.630968834536
ISO-SERVICE,Control & Reagent,2026-10-01,Quantity,ETS,0.047617929389374813
ISO-SERVICE,Control & Reagent,2026-11-01,Quantity,ETS,0.047617929389374813
ISO-SERVICE,Control & Reagent,2026-12-01,Quantity,ETS,0.047617929389374813
ISO-SERVICE,Control & Reagent,2027-01-01,Quantity,ETS,0.047617929389374813
ISO-SERVICE,Control & Reagent,2027-02-01,Quantity,ETS,0.047617929389374813
ISO-SERVICE,Control & Reagent,2027-03-01,Quantity,ETS,0.047617929389374813
ISO-SERVICE,Control & Reagent,2027-04-01,Quantity,ETS,0.047617929389374813
ISO-SERVICE,Control & Reagent,2027-05-01,Quantity,ETS,0.047617929389374813
ISO-SERVICE,Control & Reagent,2027-06-01,Quantity,ETS,0.047617929389374813
ISO-SERVICE,Control & Reagent,2027-07-01,Quantity,ETS,0.047617929389374813
ISO-SERVICE,Control & Reagent,2027-08-01,Quantity,ETS,0.047617929389374813
ISO-SERVICE,Control & Reagent,2027-09-01,Quantity,ETS,0.047617929389374813
ISO-SERVICE,Control & Reagent,2027-10-01,Quantity,ETS,0.047617929389374813
ISO-SERVICE,Control & Reagent,2027-11-01,Quantity,ETS,0.047617929389374813
ISO-SERVICE,Control & Reagent,2027-12-01,Quantity,ETS,0.047617929389374813
ISO-SERVICE,Control & Reagent,2026-10-01,Revenue,ETS,47.53465052706273
ISO-SERVICE,Control & Reagent,2026-11-01,Revenue,ETS,47.53465052706273
ISO-SERVICE,Control & Reagent,2026-12-01,Revenue,ETS,47.53465052706273
ISO-SERVICE,Control & Reagent,2027-01-01,Revenue,ETS,47.53465052706273
ISO-SERVICE,Control & Reagent,2027-02-01,Revenue,ETS,47.53465052706273
ISO-SERVICE,Control & Reagent,2027-03-01,Revenue,ETS,47.53465052706273
ISO-SERVICE,Control & Reagent,2027-04-01,Revenue,ETS,47.53465052706273
ISO-SERVICE,Control & Reagent,2027-05-01,Revenue,ETS,47.53465052706273
ISO-SERVICE,Control & Reagent,2027-06-01,Revenue,ETS,47.53465052706273
ISO-SERVICE,Control & Reagent,2027-07-01,Revenue,ETS,47.53465052706273
ISO-SERVICE,Control & Reagent,2027-08-01,Revenue,ETS,47.53465052706273
ISO-SERVICE,Control & Reagent,2027-09-01,Revenue,ETS,47.53465052706273
ISO-SERVICE,Control & Reagent,2027-10-01,Revenue,ETS,47.53465052706273
ISO-SERVICE,Control & Reagent,2027-11-01,Revenue,ETS,47.53465052706273
ISO-SERVICE,Control & Reagent,2027-12-01,Revenue,ETS,47.53465052706273
SMFP-102,Control & Reagent,2026-10-01,Quantity,ETS,0.23764511243500175
SMFP-102,Control & Reagent,2026-11-01,Quantity,ETS,0.23764511243500175
SMFP-102,Control & Reagent,2026-12-01,Quantity,ETS,0.23764511243500175
SMFP-102,Control & Reagent,2027-01-01,Quantity,ETS,0.23764511243500175
SMFP-102,Control & Reagent,2027-02-01,Quantity,ETS,0.23764511243500175
SMFP-102,Control & Reagent,2027-03-01,Quantity,ETS,0.23764511243500175
SMFP-102,Control & Reagent,2027-04-01,Quantity,ETS,0.23764511243500175
SMFP-102,Control & Reagent,2027-05-01,Quantity,ETS,0.23764511243500175
SMFP-102,Control & Reagent,2027-06-01,Quantity,ETS,0.23764511243500175
SMFP-102,Control & Reagent,2027-07-01,Quantity,ETS,0.23764511243500175
SMFP-102,Control & Reagent,2027-08-01,Quantity,ETS,0.23764511243500175
SMFP-102,Control & Reagent,2027-09-01,Quantity,ETS,0.23764511243500175
SMFP-102,Control & Reagent,2027-10-01,Quantity,ETS,0.23764511243500175
SMFP-102,Control & Reagent,2027-11-01,Quantity,ETS,0.23764511243500175
SMFP-102,Control & Reagent,2027-12-01,Quantity,ETS,0.23764511243500175
SMFP-102,Control & Reagent,2026-10-01,Revenue,ETS,0
SMFP-102,Control & Reagent,2026-11-01,Revenue,ETS,0
SMFP-102,Control & Reagent,2026-12-01,Revenue,ETS,0
SMFP-102,Control & Reagent,2027-01-01,Revenue,ETS,0
SMFP-102,Control & Reagent,2027-02-01,Revenue,ETS,0
SMFP-102,Control & Reagent,2027-03-01,Revenue,ETS,0
SMFP-102,Control & Reagent,2027-04-01,Revenue,ETS,0
SMFP-102,Control & Reagent,2027-05-01,Revenue,ETS,0
SMFP-102,Control & Reagent,2027-06-01,Revenue,ETS,0
SMFP-102,Control & Reagent,2027-07-01,Revenue,ETS,0
SMFP-102,Control & Reagent,2027-08-01,Revenue,ETS,0
SMFP-102,Control & Reagent,2027-09-01,Revenue,ETS,0
SMFP-102,Control & Reagent,2027-10-01,Revenue,ETS,0
SMFP-102,Control & Reagent,2027-11-01,Revenue,ETS,0
SMFP-102,Control & Reagent,2027-12-01,Revenue,ETS,0
SMFP-108,Control & Reagent,2026-10-01,Quantity,ETS,3.6395419823073656
SMFP-108,Control & Reagent,2026-11-01,Quantity,ETS,3.6395419823073656
SMFP-108,Control & Reagent,2026-12-01,Quantity,ETS,3.6395419823073656
SMFP-108,Control & Reagent,2027-01-01,Quantity,ETS,3.6395419823073656
SMFP-108,Control & Reagent,2027-02-01,Quantity,ETS,3.6395419823073656
SMFP-108,Control & Reagent,2027-03-01,Quantity,ETS,3.6395419823073656
SMFP-108,Control & Reagent,2027-04-01,Quantity,ETS,3.6395419823073656
SMFP-108,Control & Reagent,2027-05-01,Quantity,ETS,3.6395419823073656
SMFP-108,Control & Reagent,2027-06-01,Quantity,ETS,3.6395419823073656
SMFP-108,Control & Reagent,2027-07-01,Quantity,ETS,3.6395419823073656
SMFP-108,Control & Reagent,2027-08-01,Quantity,ETS,3.6395419823073656
SMFP-108,Control & Reagent,2027-09-01,Quantity,ETS,3.6395419823073656
SMFP-108,Control & Reagent,2027-10-01,Quantity,ETS,3.6395419823073656
SMFP-108,Control & Reagent,2027-11-01,Quantity,ETS,3.6395419823073656
SMFP-108,Control & Reagent,2027-12-01,Quantity,ETS,3.6395419823073656
SMFP-108,Control & Reagent,2026-10-01,Revenue,ETS,2931.9241097505374
SMFP-108,Control & Reagent,2026-11-01,Revenue,ETS,2931.9241097505374
SMFP-108,Control & Reagent,2026-12-01,Revenue,ETS,2931.9241097505374
SMFP-108,Control & Reagent,2027-01-01,Revenue,ETS,2931.9241097505374
SMFP-108,Control & Reagent,2027-02-01,Revenue,ETS,2931.9241097505374
SMFP-108,Control & Reagent,2027-03-01,Revenue,ETS,2931.9241097505374
SMFP-108,Control & Reagent,2027-04-01,Revenue,ETS,2931.9241097505374
SMFP-108,Control & Reagent,2027-05-01,Revenue,ETS,2931.9241097505374
SMFP-108,Control & Reagent,2027-06-01,Revenue,ETS,2931.9241097505374
SMFP-108,Control & Reagent,2027-07-01,Revenue,ETS,2931.9241097505374
SMFP-108,Control & Reagent,2027-08-01,Revenue,ETS,2931.9241097505374
SMFP-108,Control & Reagent,2027-09-01,Revenue,ETS,2931.9241097505374
SMFP-108,Control & Reagent,2027-10-01,Revenue,ETS,2931.9241097505374
SMFP-108,Control & Reagent,2027-11-01,Revenue,ETS,2931.9241097505374
SMFP-108,Control & Reagent,2027-12-01,Revenue,ETS,2931.9241097505374
SMFP-109,Control & Reagent,2026-10-01,Quantity,ETS,0.23808868034896472
SMFP-109,Control & Reagent,2026-11-01,Quantity,ETS,0.23808868034896472
SMFP-109,Control & Reagent,2026-12-01,Quantity,ETS,0.23808868034896472
SMFP-109,Control & Reagent,2027-01-01,Quantity,ETS,0.23808868034896472
SMFP-109,Control & Reagent,2027-02-01,Quantity,ETS,0.23808868034896472
SMFP-109,Control & Reagent,2027-03-01,Quantity,ETS,0.23808868034896472
SMFP-109,Control & Reagent,2027-04-01,Quantity,ETS,0.23808868034896472
SMFP-109,Control & Reagent,2027-05-01,Quantity,ETS,0.23808868034896472
SMFP-109,Control & Reagent,2027-06-01,Quantity,ETS,0.23808868034896472
SMFP-109,Control & Reagent,2027-07-01,Quantity,ETS,0.23808868034896472
SMFP-109,Control & Reagent,2027-08-01,Quantity,ETS,0.23808868034896472
SMFP-109,Control & Reagent,2027-09-01,Quantity,ETS,0.23808868034896472
SMFP-109,Control & Reagent,2027-10-01,Quantity,ETS,0.23808868034896472
SMFP-109,Control & Reagent,2027-11-01,Quantity,ETS,0.23808868034896472
SMFP-109,Control & Reagent,2027-12-01,Quantity,ETS,0.23808868034896472
SMFP-109,Control & Reagent,2026-10-01,Revenue,ETS,66.29988726623363
SMFP-109,Control & Reagent,2026-11-01,Revenue,ETS,66.29988726623363
SMFP-109,Control & Reagent,2026-12-01,Revenue,ETS,66.29988726623363
SMFP-109,Control & Reagent,2027-01-01,Revenue,ETS,66.29988726623363
SMFP-109,Control & Reagent,2027-02-01,Revenue,ETS,66.29988726623363
SMFP-109,Control & Reagent,2027-03-01,Revenue,ETS,66.29988726623363
SMFP-109,Control & Reagent,2027-04-01,Revenue,ETS,66.29988726623363
SMFP-109,Control & Reagent,2027-05-01,Revenue,ETS,66.29988726623363
SMFP-109,Control & Reagent,2027-06-01,Revenue,ETS,66.29988726623363
SMFP-109,Control & Reagent,2027-07-01,Revenue,ETS,66.29988726623363
SMFP-109,Control & Reagent,2027-08-01,Revenue,ETS,66.29988726623363
SMFP-109,Control & Reagent,2027-09-01,Revenue,ETS,66.29988726623363
SMFP-109,Control & Reagent,2027-10-01,Revenue,ETS,66.29988726623363
SMFP-109,Control & Reagent,2027-11-01,Revenue,ETS,66.29988726623363
SMFP-109,Control & Reagent,2027-12-01,Revenue,ETS,66.29988726623363
SMFP-112,Control & Reagent,2026-10-01,Quantity,ETS,2.1904359160292373
SMFP-112,Control & Reagent,2026-11-01,Quantity,ETS,2.1904359160292373
SMFP-112,Control & Reagent,2026-12-01,Quantity,ETS,2.1904359160292373
SMFP-112,Control & Reagent,2027-01-01,Quantity,ETS,2.1904359160292373
SMFP-112,Control & Reagent,2027-02-01,Quantity,ETS,2.1904359160292373
SMFP-112,Control & Reagent,2027-03-01,Quantity,ETS,2.1904359160292373
SMFP-112,Control & Reagent,2027-04-01,Quantity,ETS,2.1904359160292373
SMFP-112,Control & Reagent,2027-05-01,Quantity,ETS,2.1904359160292373
SMFP-112,Control & Reagent,2027-06-01,Quantity,ETS,2.1904359160292373
SMFP-112,Control & Reagent,2027-07-01,Quantity,ETS,2.1904359160292373
SMFP-112,Control & Reagent,2027-08-01,Quantity,ETS,2.1904359160292373
SMFP-112,Control & Reagent,2027-09-01,Quantity,ETS,2.1904359160292373
SMFP-112,Control & Reagent,2027-10-01,Quantity,ETS,2.1904359160292373
SMFP-112,Control & Reagent,2027-11-01,Quantity,ETS,2.1904359160292373
SMFP-112,Control & Reagent,2027-12-01,Quantity,ETS,2.1904359160292373
SMFP-112,Control & Reagent,2026-10-01,Revenue,ETS,1758.9885732269804
SMFP-112,Control & Reagent,2026-11-01,Revenue,ETS,1758.9885732269804
SMFP-112,Control & Reagent,2026-12-01,Revenue,ETS,1758.9885732269804
SMFP-112,Control & Reagent,2027-01-01,Revenue,ETS,1758.9885732269804
SMFP-112,Control & Reagent,2027-02-01,Revenue,ETS,1758.9885732269804
SMFP-112,Control & Reagent,2027-03-01,Revenue,ETS,1758.9885732269804
SMFP-112,Control & Reagent,2027-04-01,Revenue,ETS,1758.9885732269804
SMFP-112,Control & Reagent,2027-05-01,Revenue,ETS,1758.9885732269804
SMFP-112,Control & Reagent,2027-06-01,Revenue,ETS,1758.9885732269804
SMFP-112,Control & Reagent,2027-07-01,Revenue,ETS,1758.9885732269804
SMFP-112,Control & Reagent,2027-08-01,Revenue,ETS,1758.9885732269804
SMFP-112,Control & Reagent,2027-09-01,Revenue,ETS,1758.9885732269804
SMFP-112,Control & Reagent,2027-10-01,Revenue,ETS,1758.9885732269804
SMFP-112,Control & Reagent,2027-11-01,Revenue,ETS,1758.9885732269804
SMFP-112,Control & Reagent,2027-12-01,Revenue,ETS,1758.9885732269804
SMFP-119,Control & Reagent,2026-10-01,Quantity,ETS,1.0671835194502381
SMFP-119,Control & Reagent,2026-11-01,Quantity,ETS,1.0671835194502381
SMFP-119,Control & Reagent,2026-12-01,Quantity,ETS,1.0671835194502381
SMFP-119,Control & Reagent,2027-01-01,Quantity,ETS,1.0671835194502381
SMFP-119,Control & Reagent,2027-02-01,Quantity,ETS,1.0671835194502381
SMFP-119,Control & Reagent,2027-03-01,Quantity,ETS,1.0671835194502381
SMFP-119,Control & Reagent,2027-04-01,Quantity,ETS,1.0671835194502381
SMFP-119,Control & Reagent,2027-05-01,Quantity,ETS,1.0671835194502381
SMFP-119,Control & Reagent,2027-06-01,Quantity,ETS,1.0671835194502381
SMFP-119,Control & Reagent,2027-07-01,Quantity,ETS,1.0671835194502381
SMFP-119,Control & Reagent,2027-08-01,Quantity,ETS,1.0671835194502381
SMFP-119,Control & Reagent,2027-09-01,Quantity,ETS,1.0671835194502381
SMFP-119,Control & Reagent,2027-10-01,Quantity,ETS,1.0671835194502381
SMFP-119,Control & Reagent,2027-11-01,Quantity,ETS,1.0671835194502381
SMFP-119,Control & Reagent,2027-12-01,Quantity,ETS,1.0671835194502381
SMFP-119,Control & Reagent,2026-10-01,Revenue,ETS,788.9447503616672
SMFP-119,Control & Reagent,2026-11-01,Revenue,ETS,788.9447503616672
SMFP-119,Control & Reagent,2026-12-01,Revenue,ETS,788.9447503616672
SMFP-119,Control & Reagent,2027-01-01,Revenue,ETS,788.9447503616672
SMFP-119,Control & Reagent,2027-02-01,Revenue,ETS,788.9447503616672
SMFP-119,Control & Reagent,2027-03-01,Revenue,ETS,788.9447503616672
SMFP-119,Control & Reagent,2027-04-01,Revenue,ETS,788.9447503616672
SMFP-119,Control & Reagent,2027-05-01,Revenue,ETS,788.9447503616672
SMFP-119,Control & Reagent,2027-06-01,Revenue,ETS,788.9447503616672
SMFP-119,Control & Reagent,2027-07-01,Revenue,ETS,788.9447503616672
SMFP-119,Control & Reagent,2027-08-01,Revenue,ETS,788.9447503616672
SMFP-119,Control & Reagent,2027-09-01,Revenue,ETS,788.9447503616672
SMFP-119,Control & Reagent,2027-10-01,Revenue,ETS,788.9447503616672
SMFP-119,Control & Reagent,2027-11-01,Revenue,ETS,788.9447503616672
SMFP-119,Control & Reagent,2027-12-01,Revenue,ETS,788.9447503616672
SMFP-128,Control & Reagent,2026-10-01,Quantity,ETS,1.906456907309245
SMFP-128,Control & Reagent,2026-11-01,Quantity,ETS,1.906456907309245
SMFP-128,Control & Reagent,2026-12-01,Quantity,ETS,1.906456907309245
SMFP-128,Control & Reagent,2027-01-01,Quantity,ETS,1.906456907309245
SMFP-128,Control & Reagent,2027-02-01,Quantity,ETS,1.906456907309245
SMFP-128,Control & Reagent,2027-03-01,Quantity,ETS,1.906456907309245
SMFP-128,Control & Reagent,2027-04-01,Quantity,ETS,1.906456907309245
SMFP-128,Control & Reagent,2027-05-01,Quantity,ETS,1.906456907309245
SMFP-128,Control & Reagent,2027-06-01,Quantity,ETS,1.906456907309245
SMFP-128,Control & Reagent,2027-07-01,Quantity,ETS,1.906456907309245
SMFP-128,Control & Reagent,2027-08-01,Quantity,ETS,1.906456907309245
SMFP-128,Control & Reagent,2027-09-01,Quantity,ETS,1.906456907309245
SMFP-128,Control & Reagent,2027-10-01,Quantity,ETS,1.906456907309245
SMFP-128,Control & Reagent,2027-11-01,Quantity,ETS,1.906456907309245
SMFP-128,Control & Reagent,2027-12-01,Quantity,ETS,1.906456907309245
SMFP-128,Control & Reagent,2026-10-01,Revenue,ETS,1495.2227603318936
SMFP-128,Control & Reagent,2026-11-01,Revenue,ETS,1495.2227603318936
SMFP-128,Control & Reagent,2026-12-01,Revenue,ETS,1495.2227603318936
SMFP-128,Control & Reagent,2027-01-01,Revenue,ETS,1495.2227603318936
SMFP-128,Control & Reagent,2027-02-01,Revenue,ETS,1495.2227603318936
SMFP-128,Control & Reagent,2027-03-01,Revenue,ETS,1495.2227603318936
SMFP-128,Control & Reagent,2027-04-01,Revenue,ETS,1495.2227603318936
SMFP-128,Control & Reagent,2027-05-01,Revenue,ETS,1495.2227603318936
SMFP-128,Control & Reagent,2027-06-01,Revenue,ETS,1495.2227603318936
SMFP-128,Control & Reagent,2027-07-01,Revenue,ETS,1495.2227603318936
SMFP-128,Control & Reagent,2027-08-01,Revenue,ETS,1495.2227603318936
SMFP-128,Control & Reagent,2027-09-01,Revenue,ETS,1495.2227603318936
SMFP-128,Control & Reagent,2027-10-01,Revenue,ETS,1495.2227603318936
SMFP-128,Control & Reagent,2027-11-01,Revenue,ETS,1495.2227603318936
SMFP-128,Control & Reagent,2027-12-01,Revenue,ETS,1495.2227603318936
SMFP-129,Control & Reagent,2026-10-01,Quantity,ETS,2.235056760286856
SMFP-129,Control & Reagent,2026-11-01,Quantity,ETS,2.235056760286856
SMFP-129,Control & Reagent,2026-12-01,Quantity,ETS,2.235056760286856
SMFP-129,Control & Reagent,2027-01-01,Quantity,ETS,2.235056760286856
SMFP-129,Control & Reagent,2027-02-01,Quantity,ETS,2.235056760286856
SMFP-129,Control & Reagent,2027-03-01,Quantity,ETS,2.235056760286856
SMFP-129,Control & Reagent,2027-04-01,Quantity,ETS,2.235056760286856
SMFP-129,Control & Reagent,2027-05-01,Quantity,ETS,2.235056760286856
SMFP-129,Control & Reagent,2027-06-01,Quantity,ETS,2.235056760286856
SMFP-129,Control & Reagent,2027-07-01,Quantity,ETS,2.235056760286856
SMFP-129,Control & Reagent,2027-08-01,Quantity,ETS,2.235056760286856
SMFP-129,Control & Reagent,2027-09-01,Quantity,ETS,2.235056760286856
SMFP-129,Control & Reagent,2027-10-01,Quantity,ETS,2.235056760286856
SMFP-129,Control & Reagent,2027-11-01,Quantity,ETS,2.235056760286856
SMFP-129,Control & Reagent,2027-12-01,Quantity,ETS,2.235056760286856
SMFP-129,Control & Reagent,2026-10-01,Revenue,ETS,1344.4046528110646
SMFP-129,Control & Reagent,2026-11-01,Revenue,ETS,1344.4046528110646
SMFP-129,Control & Reagent,2026-12-01,Revenue,ETS,1344.4046528110646
SMFP-129,Control & Reagent,2027-01-01,Revenue,ETS,1344.4046528110646
SMFP-129,Control & Reagent,2027-02-01,Revenue,ETS,1344.4046528110646
SMFP-129,Control & Reagent,2027-03-01,Revenue,ETS,1344.4046528110646
SMFP-129,Control & Reagent,2027-04-01,Revenue,ETS,1344.4046528110646
SMFP-129,Control & Reagent,2027-05-01,Revenue,ETS,1344.4046528110646
SMFP-129,Control & Reagent,2027-06-01,Revenue,ETS,1344.4046528110646
SMFP-129,Control & Reagent,2027-07-01,Revenue,ETS,1344.4046528110646
SMFP-129,Control & Reagent,2027-08-01,Revenue,ETS,1344.4046528110646
SMFP-129,Control & Reagent,2027-09-01,Revenue,ETS,1344.4046528110646
SMFP-129,Control & Reagent,2027-10-01,Revenue,ETS,1344.4046528110646
SMFP-129,Control & Reagent,2027-11-01,Revenue,ETS,1344.4046528110646
SMFP-129,Control & Reagent,2027-12-01,Revenue,ETS,1344.4046528110646
SMFP-149,Control & Reagent,2026-10-01,Quantity,ETS,0.09523861763133351
SMFP-149,Control & Reagent,2026-11-01,Quantity,ETS,0.09523861763133351
SMFP-149,Control & Reagent,2026-12-01,Quantity,ETS,0.09523861763133351
SMFP-149,Control & Reagent,2027-01-01,Quantity,ETS,0.09523861763133351
SMFP-149,Control & Reagent,2027-02-01,Quantity,ETS,0.09523861763133351
SMFP-149,Control & Reagent,2027-03-01,Quantity,ETS,0.09523861763133351
SMFP-149,Control & Reagent,2027-04-01,Quantity,ETS,0.09523861763133351
SMFP-149,Control & Reagent,2027-05-01,Quantity,ETS,0.09523861763133351
SMFP-149,Control & Reagent,2027-06-01,Quantity,ETS,0.09523861763133351
SMFP-149,Control & Reagent,2027-07-01,Quantity,ETS,0.09523861763133351
SMFP-149,Control & Reagent,2027-08-01,Quantity,ETS,0.09523861763133351
SMFP-149,Control & Reagent,2027-09-01,Quantity,ETS,0.09523861763133351
SMFP-149,Control & Reagent,2027-10-01,Quantity,ETS,0.09523861763133351
SMFP-149,Control & Reagent,2027-11-01,Quantity,ETS,0.09523861763133351
SMFP-149,Control & Reagent,2027-12-01,Quantity,ETS,0.09523861763133351
SMFP-149,Control & Reagent,2026-10-01,Revenue,ETS,137.03094160111968
SMFP-149,Control & Reagent,2026-11-01,Revenue,ETS,137.03094160111968
SMFP-149,Control & Reagent,2026-12-01,Revenue,ETS,137.03094160111968
SMFP-149,Control & Reagent,2027-01-01,Revenue,ETS,137.03094160111968
SMFP-149,Control & Reagent,2027-02-01,Revenue,ETS,137.03094160111968
SMFP-149,Control & Reagent,2027-03-01,Revenue,ETS,137.03094160111968
SMFP-149,Control & Reagent,2027-04-01,Revenue,ETS,137.03094160111968
SMFP-149,Control & Reagent,2027-05-01,Revenue,ETS,137.03094160111968
SMFP-149,Control & Reagent,2027-06-01,Revenue,ETS,137.03094160111968
SMFP-149,Control & Reagent,2027-07-01,Revenue,ETS,137.03094160111968
SMFP-149,Control & Reagent,2027-08-01,Revenue,ETS,137.03094160111968
SMFP-149,Control & Reagent,2027-09-01,Revenue,ETS,137.03094160111968
SMFP-149,Control & Reagent,2027-10-01,Revenue,ETS,137.03094160111968
SMFP-149,Control & Reagent,2027-11-01,Revenue,ETS,137.03094160111968
SMFP-149,Control & Reagent,2027-12-01,Revenue,ETS,137.03094160111968
SMFP-161,Control & Reagent,2026-10-01,Quantity,ETS,0.6143186827797666
SMFP-161,Control & Reagent,2026-11-01,Quantity,ETS,0.6143186827797666
SMFP-161,Control & Reagent,2026-12-01,Quantity,ETS,0.6143186827797666
SMFP-161,Control & Reagent,2027-01-01,Quantity,ETS,0.6143186827797666
SMFP-161,Control & Reagent,2027-02-01,Quantity,ETS,0.6143186827797666
SMFP-161,Control & Reagent,2027-03-01,Quantity,ETS,0.6143186827797666
SMFP-161,Control & Reagent,2027-04-01,Quantity,ETS,0.6143186827797666
SMFP-161,Control & Reagent,2027-05-01,Quantity,ETS,0.6143186827797666
SMFP-161,Control & Reagent,2027-06-01,Quantity,ETS,0.6143186827797666
SMFP-161,Control & Reagent,2027-07-01,Quantity,ETS,0.6143186827797666
SMFP-161,Control & Reagent,2027-08-01,Quantity,ETS,0.6143186827797666
SMFP-161,Control & Reagent,2027-09-01,Quantity,ETS,0.6143186827797666
SMFP-161,Control & Reagent,2027-10-01,Quantity,ETS,0.6143186827797666
SMFP-161,Control & Reagent,2027-11-01,Quantity,ETS,0.6143186827797666
SMFP-161,Control & Reagent,2027-12-01,Quantity,ETS,0.6143186827797666
SMFP-161,Control & Reagent,2026-10-01,Revenue,ETS,364.9345578674422
SMFP-161,Control & Reagent,2026-11-01,Revenue,ETS,364.9345578674422
SMFP-161,Control & Reagent,2026-12-01,Revenue,ETS,364.9345578674422
SMFP-161,Control & Reagent,2027-01-01,Revenue,ETS,364.9345578674422
SMFP-161,Control & Reagent,2027-02-01,Revenue,ETS,364.9345578674422
SMFP-161,Control & Reagent,2027-03-01,Revenue,ETS,364.9345578674422
SMFP-161,Control & Reagent,2027-04-01,Revenue,ETS,364.9345578674422
SMFP-161,Control & Reagent,2027-05-01,Revenue,ETS,364.9345578674422
SMFP-161,Control & Reagent,2027-06-01,Revenue,ETS,364.9345578674422
SMFP-161,Control & Reagent,2027-07-01,Revenue,ETS,364.9345578674422
SMFP-161,Control & Reagent,2027-08-01,Revenue,ETS,364.9345578674422
SMFP-161,Control & Reagent,2027-09-01,Revenue,ETS,364.9345578674422
SMFP-161,Control & Reagent,2027-10-01,Revenue,ETS,364.9345578674422
SMFP-161,Control & Reagent,2027-11-01,Revenue,ETS,364.9345578674422
SMFP-161,Control & Reagent,2027-12-01,Revenue,ETS,364.9345578674422
SMFP-2,Control & Reagent,2026-10-01,Quantity,ETS,0.6662818382187026
SMFP-2,Control & Reagent,2026-11-01,Quantity,ETS,0.6662818382187026
SMFP-2,Control & Reagent,2026-12-01,Quantity,ETS,0.6662818382187026
SMFP-2,Control & Reagent,2027-01-01,Quantity,ETS,0.6662818382187026
SMFP-2,Control & Reagent,2027-02-01,Quantity,ETS,0.6662818382187026
SMFP-2,Control & Reagent,2027-03-01,Quantity,ETS,0.6662818382187026
SMFP-2,Control & Reagent,2027-04-01,Quantity,ETS,0.6662818382187026
SMFP-2,Control & Reagent,2027-05-01,Quantity,ETS,0.6662818382187026
SMFP-2,Control & Reagent,2027-06-01,Quantity,ETS,0.6662818382187026
SMFP-2,Control & Reagent,2027-07-01,Quantity,ETS,0.6662818382187026
SMFP-2,Control & Reagent,2027-08-01,Quantity,ETS,0.6662818382187026
SMFP-2,Control & Reagent,2027-09-01,Quantity,ETS,0.6662818382187026
SMFP-2,Control & Reagent,2027-10-01,Quantity,ETS,0.6662818382187026
SMFP-2,Control & Reagent,2027-11-01,Quantity,ETS,0.6662818382187026
SMFP-2,Control & Reagent,2027-12-01,Quantity,ETS,0.6662818382187026
SMFP-2,Control & Reagent,2026-10-01,Revenue,ETS,222.83220846244242
SMFP-2,Control & Reagent,2026-11-01,Revenue,ETS,222.83220846244242
SMFP-2,Control & Reagent,2026-12-01,Revenue,ETS,222.83220846244242
SMFP-2,Control & Reagent,2027-01-01,Revenue,ETS,222.83220846244242
SMFP-2,Control & Reagent,2027-02-01,Revenue,ETS,222.83220846244242
SMFP-2,Control & Reagent,2027-03-01,Revenue,ETS,222.83220846244242
SMFP-2,Control & Reagent,2027-04-01,Revenue,ETS,222.83220846244242
SMFP-2,Control & Reagent,2027-05-01,Revenue,ETS,222.83220846244242
SMFP-2,Control & Reagent,2027-06-01,Revenue,ETS,222.83220846244242
SMFP-2,Control & Reagent,2027-07-01,Revenue,ETS,222.83220846244242
SMFP-2,Control & Reagent,2027-08-01,Revenue,ETS,222.83220846244242
SMFP-2,Control & Reagent,2027-09-01,Revenue,ETS,222.83220846244242
SMFP-2,Control & Reagent,2027-10-01,Revenue,ETS,222.83220846244242
SMFP-2,Control & Reagent,2027-11-01,Revenue,ETS,222.83220846244242
SMFP-2,Control & Reagent,2027-12-01,Revenue,ETS,222.83220846244242
SMFP-22,Control & Reagent,2026-10-01,Quantity,ETS,0.04761532623087291
SMFP-22,Control & Reagent,2026-11-01,Quantity,ETS,0.04761532623087291
SMFP-22,Control & Reagent,2026-12-01,Quantity,ETS,0.04761532623087291
SMFP-22,Control & Reagent,2027-01-01,Quantity,ETS,0.04761532623087291
SMFP-22,Control & Reagent,2027-02-01,Quantity,ETS,0.04761532623087291
SMFP-22,Control & Reagent,2027-03-01,Quantity,ETS,0.04761532623087291
SMFP-22,Control & Reagent,2027-04-01,Quantity,ETS,0.04761532623087291
SMFP-22,Control & Reagent,2027-05-01,Quantity,ETS,0.04761532623087291
SMFP-22,Control & Reagent,2027-06-01,Quantity,ETS,0.04761532623087291
SMFP-22,Control & Reagent,2027-07-01,Quantity,ETS,0.04761532623087291
SMFP-22,Control & Reagent,2027-08-01,Quantity,ETS,0.04761532623087291
SMFP-22,Control & Reagent,2027-09-01,Quantity,ETS,0.04761532623087291
SMFP-22,Control & Reagent,2027-10-01,Quantity,ETS,0.04761532623087291
SMFP-22,Control & Reagent,2027-11-01,Quantity,ETS,0.04761532623087291
SMFP-22,Control & Reagent,2027-12-01,Quantity,ETS,0.04761532623087291
SMFP-22,Control & Reagent,2026-10-01,Revenue,ETS,34.27673600298119
SMFP-22,Control & Reagent,2026-11-01,Revenue,ETS,34.27673600298119
SMFP-22,Control & Reagent,2026-12-01,Revenue,ETS,34.27673600298119
SMFP-22,Control & Reagent,2027-01-01,Revenue,ETS,34.27673600298119
SMFP-22,Control & Reagent,2027-02-01,Revenue,ETS,34.27673600298119
SMFP-22,Control & Reagent,2027-03-01,Revenue,ETS,34.27673600298119
SMFP-22,Control & Reagent,2027-04-01,Revenue,ETS,34.27673600298119
SMFP-22,Control & Reagent,2027-05-01,Revenue,ETS,34.27673600298119
SMFP-22,Control & Reagent,2027-06-01,Revenue,ETS,34.27673600298119
SMFP-22,Control & Reagent,2027-07-01,Revenue,ETS,34.27673600298119
SMFP-22,Control & Reagent,2027-08-01,Revenue,ETS,34.27673600298119
SMFP-22,Control & Reagent,2027-09-01,Revenue,ETS,34.27673600298119
SMFP-22,Control & Reagent,2027-10-01,Revenue,ETS,34.27673600298119
SMFP-22,Control & Reagent,2027-11-01,Revenue,ETS,34.27673600298119
SMFP-22,Control & Reagent,2027-12-01,Revenue,ETS,34.27673600298119
SMFP-29,Control & Reagent,2026-10-01,Quantity,ETS,0.047615110577549614
SMFP-29,Control & Reagent,2026-11-01,Quantity,ETS,0.047615110577549614
SMFP-29,Control & Reagent,2026-12-01,Quantity,ETS,0.047615110577549614
SMFP-29,Control & Reagent,2027-01-01,Quantity,ETS,0.047615110577549614
SMFP-29,Control & Reagent,2027-02-01,Quantity,ETS,0.047615110577549614
SMFP-29,Control & Reagent,2027-03-01,Quantity,ETS,0.047615110577549614
SMFP-29,Control & Reagent,2027-04-01,Quantity,ETS,0.047615110577549614
SMFP-29,Control & Reagent,2027-05-01,Quantity,ETS,0.047615110577549614
SMFP-29,Control & Reagent,2027-06-01,Quantity,ETS,0.047615110577549614
SMFP-29,Control & Reagent,2027-07-01,Quantity,ETS,0.047615110577549614
SMFP-29,Control & Reagent,2027-08-01,Quantity,ETS,0.047615110577549614
SMFP-29,Control & Reagent,2027-09-01,Quantity,ETS,0.047615110577549614
SMFP-29,Control & Reagent,2027-10-01,Quantity,ETS,0.047615110577549614
SMFP-29,Control & Reagent,2027-11-01,Quantity,ETS,0.047615110577549614
SMFP-29,Control & Reagent,2027-12-01,Quantity,ETS,0.047615110577549614
SMFP-29,Control & Reagent,2026-10-01,Revenue,ETS,0
SMFP-29,Control & Reagent,2026-11-01,Revenue,ETS,0
SMFP-29,Control & Reagent,2026-12-01,Revenue,ETS,0
SMFP-29,Control & Reagent,2027-01-01,Revenue,ETS,0
SMFP-29,Control & Reagent,2027-02-01,Revenue,ETS,0
SMFP-29,Control & Reagent,2027-03-01,Revenue,ETS,0
SMFP-29,Control & Reagent,2027-04-01,Revenue,ETS,0
SMFP-29,Control & Reagent,2027-05-01,Revenue,ETS,0
SMFP-29,Control & Reagent,2027-06-01,Revenue,ETS,0
SMFP-29,Control & Reagent,2027-07-01,Revenue,ETS,0
SMFP-29,Control & Reagent,2027-08-01,Revenue,ETS,0
SMFP-29,Control & Reagent,2027-09-01,Revenue,ETS,0
SMFP-29,Control & Reagent,2027-10-01,Revenue,ETS,0
SMFP-29,Control & Reagent,2027-11-01,Revenue,ETS,0
SMFP-29,Control & Reagent,2027-12-01,Revenue,ETS,0
SMFP-3,Control & Reagent,2026-10-01,Quantity,ETS,1.5265385090768773
SMFP-3,Control & Reagent,2026-11-01,Quantity,ETS,1.5265385090768773
SMFP-3,Control & Reagent,2026-12-01,Quantity,ETS,1.5265385090768773
SMFP-3,Control & Reagent,2027-01-01,Quantity,ETS,1.5265385090768773
SMFP-3,Control & Reagent,2027-02-01,Quantity,ETS,1.5265385090768773
SMFP-3,Control & Reagent,2027-03-01,Quantity,ETS,1.5265385090768773
SMFP-3,Control & Reagent,2027-04-01,Quantity,ETS,1.5265385090768773
SMFP-3,Control & Reagent,2027-05-01,Quantity,ETS,1.5265385090768773
SMFP-3,Control & Reagent,2027-06-01,Quantity,ETS,1.5265385090768773
SMFP-3,Control & Reagent,2027-07-01,Quantity,ETS,1.5265385090768773
SMFP-3,Control & Reagent,2027-08-01,Quantity,ETS,1.5265385090768773
SMFP-3,Control & Reagent,2027-09-01,Quantity,ETS,1.5265385090768773
SMFP-3,Control & Reagent,2027-10-01,Quantity,ETS,1.5265385090768773
SMFP-3,Control & Reagent,2027-11-01,Quantity,ETS,1.5265385090768773
SMFP-3,Control & Reagent,2027-12-01,Quantity,ETS,1.5265385090768773
SMFP-3,Control & Reagent,2026-10-01,Revenue,ETS,1794.0382262242633
SMFP-3,Control & Reagent,2026-11-01,Revenue,ETS,1794.0382262242633
SMFP-3,Control & Reagent,2026-12-01,Revenue,ETS,1794.0382262242633
SMFP-3,Control & Reagent,2027-01-01,Revenue,ETS,1794.0382262242633
SMFP-3,Control & Reagent,2027-02-01,Revenue,ETS,1794.0382262242633
SMFP-3,Control & Reagent,2027-03-01,Revenue,ETS,1794.0382262242633
SMFP-3,Control & Reagent,2027-04-01,Revenue,ETS,1794.0382262242633
SMFP-3,Control & Reagent,2027-05-01,Revenue,ETS,1794.0382262242633
SMFP-3,Control & Reagent,2027-06-01,Revenue,ETS,1794.0382262242633
SMFP-3,Control & Reagent,2027-07-01,Revenue,ETS,1794.0382262242633
SMFP-3,Control & Reagent,2027-08-01,Revenue,ETS,1794.0382262242633
SMFP-3,Control & Reagent,2027-09-01,Revenue,ETS,1794.0382262242633
SMFP-3,Control & Reagent,2027-10-01,Revenue,ETS,1794.0382262242633
SMFP-3,Control & Reagent,2027-11-01,Revenue,ETS,1794.0382262242633
SMFP-3,Control & Reagent,2027-12-01,Revenue,ETS,1794.0382262242633
SMFP-30,Control & Reagent,2026-10-01,Quantity,ETS,0.28664168240164195
SMFP-30,Control & Reagent,2026-11-01,Quantity,ETS,0.28664168240164195
SMFP-30,Control & Reagent,2026-12-01,Quantity,ETS,0.28664168240164195
SMFP-30,Control & Reagent,2027-01-01,Quantity,ETS,0.28664168240164195
SMFP-30,Control & Reagent,2027-02-01,Quantity,ETS,0.28664168240164195
SMFP-30,Control & Reagent,2027-03-01,Quantity,ETS,0.28664168240164195
SMFP-30,Control & Reagent,2027-04-01,Quantity,ETS,0.28664168240164195
SMFP-30,Control & Reagent,2027-05-01,Quantity,ETS,0.28664168240164195
SMFP-30,Control & Reagent,2027-06-01,Quantity,ETS,0.28664168240164195
SMFP-30,Control & Reagent,2027-07-01,Quantity,ETS,0.28664168240164195
SMFP-30,Control & Reagent,2027-08-01,Quantity,ETS,0.28664168240164195
SMFP-30,Control & Reagent,2027-09-01,Quantity,ETS,0.28664168240164195
SMFP-30,Control & Reagent,2027-10-01,Quantity,ETS,0.28664168240164195
SMFP-30,Control & Reagent,2027-11-01,Quantity,ETS,0.28664168240164195
SMFP-30,Control & Reagent,2027-12-01,Quantity,ETS,0.28664168240164195
SMFP-30,Control & Reagent,2026-10-01,Revenue,ETS,137.10288197136842
SMFP-30,Control & Reagent,2026-11-01,Revenue,ETS,137.10288197136842
SMFP-30,Control & Reagent,2026-12-01,Revenue,ETS,137.10288197136842
SMFP-30,Control & Reagent,2027-01-01,Revenue,ETS,137.10288197136842
SMFP-30,Control & Reagent,2027-02-01,Revenue,ETS,137.10288197136842
SMFP-30,Control & Reagent,2027-03-01,Revenue,ETS,137.10288197136842
SMFP-30,Control & Reagent,2027-04-01,Revenue,ETS,137.10288197136842
SMFP-30,Control & Reagent,2027-05-01,Revenue,ETS,137.10288197136842
SMFP-30,Control & Reagent,2027-06-01,Revenue,ETS,137.10288197136842
SMFP-30,Control & Reagent,2027-07-01,Revenue,ETS,137.10288197136842
SMFP-30,Control & Reagent,2027-08-01,Revenue,ETS,137.10288197136842
SMFP-30,Control & Reagent,2027-09-01,Revenue,ETS,137.10288197136842
SMFP-30,Control & Reagent,2027-10-01,Revenue,ETS,137.10288197136842
SMFP-30,Control & Reagent,2027-11-01,Revenue,ETS,137.10288197136842
SMFP-30,Control & Reagent,2027-12-01,Revenue,ETS,137.10288197136842
SMFP-35,Control & Reagent,2026-10-01,Quantity,ETS,0.8570035938564835
SMFP-35,Control & Reagent,2026-11-01,Quantity,ETS,0.8570035938564835
SMFP-35,Control & Reagent,2026-12-01,Quantity,ETS,0.8570035938564835
SMFP-35,Control & Reagent,2027-01-01,Quantity,ETS,0.8570035938564835
SMFP-35,Control & Reagent,2027-02-01,Quantity,ETS,0.8570035938564835
SMFP-35,Control & Reagent,2027-03-01,Quantity,ETS,0.8570035938564835
SMFP-35,Control & Reagent,2027-04-01,Quantity,ETS,0.8570035938564835
SMFP-35,Control & Reagent,2027-05-01,Quantity,ETS,0.8570035938564835
SMFP-35,Control & Reagent,2027-06-01,Quantity,ETS,0.8570035938564835
SMFP-35,Control & Reagent,2027-07-01,Quantity,ETS,0.8570035938564835
SMFP-35,Control & Reagent,2027-08-01,Quantity,ETS,0.8570035938564835
SMFP-35,Control & Reagent,2027-09-01,Quantity,ETS,0.8570035938564835
SMFP-35,Control & Reagent,2027-10-01,Quantity,ETS,0.8570035938564835
SMFP-35,Control & Reagent,2027-11-01,Quantity,ETS,0.8570035938564835
SMFP-35,Control & Reagent,2027-12-01,Quantity,ETS,0.8570035938564835
SMFP-35,Control & Reagent,2026-10-01,Revenue,ETS,436.8619911316658
SMFP-35,Control & Reagent,2026-11-01,Revenue,ETS,436.8619911316658
SMFP-35,Control & Reagent,2026-12-01,Revenue,ETS,436.8619911316658
SMFP-35,Control & Reagent,2027-01-01,Revenue,ETS,436.8619911316658
SMFP-35,Control & Reagent,2027-02-01,Revenue,ETS,436.8619911316658
SMFP-35,Control & Reagent,2027-03-01,Revenue,ETS,436.8619911316658
SMFP-35,Control & Reagent,2027-04-01,Revenue,ETS,436.8619911316658
SMFP-35,Control & Reagent,2027-05-01,Revenue,ETS,436.8619911316658
SMFP-35,Control & Reagent,2027-06-01,Revenue,ETS,436.8619911316658
SMFP-35,Control & Reagent,2027-07-01,Revenue,ETS,436.8619911316658
SMFP-35,Control & Reagent,2027-08-01,Revenue,ETS,436.8619911316658
SMFP-35,Control & Reagent,2027-09-01,Revenue,ETS,436.8619911316658
SMFP-35,Control & Reagent,2027-10-01,Revenue,ETS,436.8619911316658
SMFP-35,Control & Reagent,2027-11-01,Revenue,ETS,436.8619911316658
SMFP-35,Control & Reagent,2027-12-01,Revenue,ETS,436.8619911316658
SMFP-36,Control & Reagent,2026-10-01,Quantity,ETS,4.000200003976104
SMFP-36,Control & Reagent,2026-11-01,Quantity,ETS,4.000200003976104
SMFP-36,Control & Reagent,2026-12-01,Quantity,ETS,4.000200003976104
SMFP-36,Control & Reagent,2027-01-01,Quantity,ETS,4.000200003976104
SMFP-36,Control & Reagent,2027-02-01,Quantity,ETS,4.000200003976104
SMFP-36,Control & Reagent,2027-03-01,Quantity,ETS,4.000200003976104
SMFP-36,Control & Reagent,2027-04-01,Quantity,ETS,4.000200003976104
SMFP-36,Control & Reagent,2027-05-01,Quantity,ETS,4.000200003976104
SMFP-36,Control & Reagent,2027-06-01,Quantity,ETS,4.000200003976104
SMFP-36,Control & Reagent,2027-07-01,Quantity,ETS,4.000200003976104
SMFP-36,Control & Reagent,2027-08-01,Quantity,ETS,4.000200003976104
SMFP-36,Control & Reagent,2027-09-01,Quantity,ETS,4.000200003976104
SMFP-36,Control & Reagent,2027-10-01,Quantity,ETS,4.000200003976104
SMFP-36,Control & Reagent,2027-11-01,Quantity,ETS,4.000200003976104
SMFP-36,Control & Reagent,2027-12-01,Quantity,ETS,4.000200003976104
SMFP-36,Control & Reagent,2026-10-01,Revenue,ETS,6240.312651286072
SMFP-36,Control & Reagent,2026-11-01,Revenue,ETS,6240.312651286072
SMFP-36,Control & Reagent,2026-12-01,Revenue,ETS,6240.312651286072
SMFP-36,Control & Reagent,2027-01-01,Revenue,ETS,6240.312651286072
SMFP-36,Control & Reagent,2027-02-01,Revenue,ETS,6240.312651286072
SMFP-36,Control & Reagent,2027-03-01,Revenue,ETS,6240.312651286072
SMFP-36,Control & Reagent,2027-04-01,Revenue,ETS,6240.312651286072
SMFP-36,Control & Reagent,2027-05-01,Revenue,ETS,6240.312651286072
SMFP-36,Control & Reagent,2027-06-01,Revenue,ETS,6240.312651286072
SMFP-36,Control & Reagent,2027-07-01,Revenue,ETS,6240.312651286072
SMFP-36,Control & Reagent,2027-08-01,Revenue,ETS,6240.312651286072
SMFP-36,Control & Reagent,2027-09-01,Revenue,ETS,6240.312651286072
SMFP-36,Control & Reagent,2027-10-01,Revenue,ETS,6240.312651286072
SMFP-36,Control & Reagent,2027-11-01,Revenue,ETS,6240.312651286072
SMFP-36,Control & Reagent,2027-12-01,Revenue,ETS,6240.312651286072
SMFP-62,Control & Reagent,2026-10-01,Quantity,ETS,3.159858899544355
SMFP-62,Control & Reagent,2026-11-01,Quantity,ETS,3.159858899544355
SMFP-62,Control & Reagent,2026-12-01,Quantity,ETS,3.159858899544355
SMFP-62,Control & Reagent,2027-01-01,Quantity,ETS,3.159858899544355
SMFP-62,Control & Reagent,2027-02-01,Quantity,ETS,3.159858899544355
SMFP-62,Control & Reagent,2027-03-01,Quantity,ETS,3.159858899544355
SMFP-62,Control & Reagent,2027-04-01,Quantity,ETS,3.159858899544355
SMFP-62,Control & Reagent,2027-05-01,Quantity,ETS,3.159858899544355
SMFP-62,Control & Reagent,2027-06-01,Quantity,ETS,3.159858899544355
SMFP-62,Control & Reagent,2027-07-01,Quantity,ETS,3.159858899544355
SMFP-62,Control & Reagent,2027-08-01,Quantity,ETS,3.159858899544355
SMFP-62,Control & Reagent,2027-09-01,Quantity,ETS,3.159858899544355
SMFP-62,Control & Reagent,2027-10-01,Quantity,ETS,3.159858899544355
SMFP-62,Control & Reagent,2027-11-01,Quantity,ETS,3.159858899544355
SMFP-62,Control & Reagent,2027-12-01,Quantity,ETS,3.159858899544355
SMFP-62,Control & Reagent,2026-10-01,Revenue,ETS,7584.204261234496
SMFP-62,Control & Reagent,2026-11-01,Revenue,ETS,7584.204261234496
SMFP-62,Control & Reagent,2026-12-01,Revenue,ETS,7584.204261234496
SMFP-62,Control & Reagent,2027-01-01,Revenue,ETS,7584.204261234496
SMFP-62,Control & Reagent,2027-02-01,Revenue,ETS,7584.204261234496
SMFP-62,Control & Reagent,2027-03-01,Revenue,ETS,7584.204261234496
SMFP-62,Control & Reagent,2027-04-01,Revenue,ETS,7584.204261234496
SMFP-62,Control & Reagent,2027-05-01,Revenue,ETS,7584.204261234496
SMFP-62,Control & Reagent,2027-06-01,Revenue,ETS,7584.204261234496
SMFP-62,Control & Reagent,2027-07-01,Revenue,ETS,7584.204261234496
SMFP-62,Control & Reagent,2027-08-01,Revenue,ETS,7584.204261234496
SMFP-62,Control & Reagent,2027-09-01,Revenue,ETS,7584.204261234496
SMFP-62,Control & Reagent,2027-10-01,Revenue,ETS,7584.204261234496
SMFP-62,Control & Reagent,2027-11-01,Revenue,ETS,7584.204261234496
SMFP-62,Control & Reagent,2027-12-01,Revenue,ETS,7584.204261234496
SMFP-67,Control & Reagent,2026-10-01,Quantity,ETS,0.04762061452468537
SMFP-67,Control & Reagent,2026-11-01,Quantity,ETS,0.04762061452468537
SMFP-67,Control & Reagent,2026-12-01,Quantity,ETS,0.04762061452468537
SMFP-67,Control & Reagent,2027-01-01,Quantity,ETS,0.04762061452468537
SMFP-67,Control & Reagent,2027-02-01,Quantity,ETS,0.04762061452468537
SMFP-67,Control & Reagent,2027-03-01,Quantity,ETS,0.04762061452468537
SMFP-67,Control & Reagent,2027-04-01,Quantity,ETS,0.04762061452468537
SMFP-67,Control & Reagent,2027-05-01,Quantity,ETS,0.04762061452468537
SMFP-67,Control & Reagent,2027-06-01,Quantity,ETS,0.04762061452468537
SMFP-67,Control & Reagent,2027-07-01,Quantity,ETS,0.04762061452468537
SMFP-67,Control & Reagent,2027-08-01,Quantity,ETS,0.04762061452468537
SMFP-67,Control & Reagent,2027-09-01,Quantity,ETS,0.04762061452468537
SMFP-67,Control & Reagent,2027-10-01,Quantity,ETS,0.04762061452468537
SMFP-67,Control & Reagent,2027-11-01,Quantity,ETS,0.04762061452468537
SMFP-67,Control & Reagent,2027-12-01,Quantity,ETS,0.04762061452468537
SMFP-67,Control & Reagent,2026-10-01,Revenue,ETS,34.220491009278156
SMFP-67,Control & Reagent,2026-11-01,Revenue,ETS,34.220491009278156
SMFP-67,Control & Reagent,2026-12-01,Revenue,ETS,34.220491009278156
SMFP-67,Control & Reagent,2027-01-01,Revenue,ETS,34.220491009278156
SMFP-67,Control & Reagent,2027-02-01,Revenue,ETS,34.220491009278156
SMFP-67,Control & Reagent,2027-03-01,Revenue,ETS,34.220491009278156
SMFP-67,Control & Reagent,2027-04-01,Revenue,ETS,34.220491009278156
SMFP-67,Control & Reagent,2027-05-01,Revenue,ETS,34.220491009278156
SMFP-67,Control & Reagent,2027-06-01,Revenue,ETS,34.220491009278156
SMFP-67,Control & Reagent,2027-07-01,Revenue,ETS,34.220491009278156
SMFP-67,Control & Reagent,2027-08-01,Revenue,ETS,34.220491009278156
SMFP-67,Control & Reagent,2027-09-01,Revenue,ETS,34.220491009278156
SMFP-67,Control & Reagent,2027-10-01,Revenue,ETS,34.220491009278156
SMFP-67,Control & Reagent,2027-11-01,Revenue,ETS,34.220491009278156
SMFP-67,Control & Reagent,2027-12-01,Revenue,ETS,34.220491009278156
SMFP-74,Control & Reagent,2026-10-01,Quantity,ETS,0.28571812666597596
SMFP-74,Control & Reagent,2026-11-01,Quantity,ETS,0.28571812666597596
SMFP-74,Control & Reagent,2026-12-01,Quantity,ETS,0.28571812666597596
SMFP-74,Control & Reagent,2027-01-01,Quantity,ETS,0.28571812666597596
SMFP-74,Control & Reagent,2027-02-01,Quantity,ETS,0.28571812666597596
SMFP-74,Control & Reagent,2027-03-01,Quantity,ETS,0.28571812666597596
SMFP-74,Control & Reagent,2027-04-01,Quantity,ETS,0.28571812666597596
SMFP-74,Control & Reagent,2027-05-01,Quantity,ETS,0.28571812666597596
SMFP-74,Control & Reagent,2027-06-01,Quantity,ETS,0.28571812666597596
SMFP-74,Control & Reagent,2027-07-01,Quantity,ETS,0.28571812666597596
SMFP-74,Control & Reagent,2027-08-01,Quantity,ETS,0.28571812666597596
SMFP-74,Control & Reagent,2027-09-01,Quantity,ETS,0.28571812666597596
SMFP-74,Control & Reagent,2027-10-01,Quantity,ETS,0.28571812666597596
SMFP-74,Control & Reagent,2027-11-01,Quantity,ETS,0.28571812666597596
SMFP-74,Control & Reagent,2027-12-01,Quantity,ETS,0.28571812666597596
SMFP-74,Control & Reagent,2026-10-01,Revenue,ETS,478.86782076778616
SMFP-74,Control & Reagent,2026-11-01,Revenue,ETS,478.86782076778616
SMFP-74,Control & Reagent,2026-12-01,Revenue,ETS,478.86782076778616
SMFP-74,Control & Reagent,2027-01-01,Revenue,ETS,478.86782076778616
SMFP-74,Control & Reagent,2027-02-01,Revenue,ETS,478.86782076778616
SMFP-74,Control & Reagent,2027-03-01,Revenue,ETS,478.86782076778616
SMFP-74,Control & Reagent,2027-04-01,Revenue,ETS,478.86782076778616
SMFP-74,Control & Reagent,2027-05-01,Revenue,ETS,478.86782076778616
SMFP-74,Control & Reagent,2027-06-01,Revenue,ETS,478.86782076778616
SMFP-74,Control & Reagent,2027-07-01,Revenue,ETS,478.86782076778616
SMFP-74,Control & Reagent,2027-08-01,Revenue,ETS,478.86782076778616
SMFP-74,Control & Reagent,2027-09-01,Revenue,ETS,478.86782076778616
SMFP-74,Control & Reagent,2027-10-01,Revenue,ETS,478.86782076778616
SMFP-74,Control & Reagent,2027-11-01,Revenue,ETS,478.86782076778616
SMFP-74,Control & Reagent,2027-12-01,Revenue,ETS,478.86782076778616
SMFP-75,Control & Reagent,2026-10-01,Quantity,ETS,0.42482233268594816
SMFP-75,Control & Reagent,2026-11-01,Quantity,ETS,0.42482233268594816
SMFP-75,Control & Reagent,2026-12-01,Quantity,ETS,0.42482233268594816
SMFP-75,Control & Reagent,2027-01-01,Quantity,ETS,0.42482233268594816
SMFP-75,Control & Reagent,2027-02-01,Quantity,ETS,0.42482233268594816
SMFP-75,Control & Reagent,2027-03-01,Quantity,ETS,0.42482233268594816
SMFP-75,Control & Reagent,2027-04-01,Quantity,ETS,0.42482233268594816
SMFP-75,Control & Reagent,2027-05-01,Quantity,ETS,0.42482233268594816
SMFP-75,Control & Reagent,2027-06-01,Quantity,ETS,0.42482233268594816
SMFP-75,Control & Reagent,2027-07-01,Quantity,ETS,0.42482233268594816
SMFP-75,Control & Reagent,2027-08-01,Quantity,ETS,0.42482233268594816
SMFP-75,Control & Reagent,2027-09-01,Quantity,ETS,0.42482233268594816
SMFP-75,Control & Reagent,2027-10-01,Quantity,ETS,0.42482233268594816
SMFP-75,Control & Reagent,2027-11-01,Quantity,ETS,0.42482233268594816
SMFP-75,Control & Reagent,2027-12-01,Quantity,ETS,0.42482233268594816
SMFP-75,Control & Reagent,2026-10-01,Revenue,ETS,1958.8870021962255
SMFP-75,Control & Reagent,2026-11-01,Revenue,ETS,1958.8870021962255
SMFP-75,Control & Reagent,2026-12-01,Revenue,ETS,1958.8870021962255
SMFP-75,Control & Reagent,2027-01-01,Revenue,ETS,1958.8870021962255
SMFP-75,Control & Reagent,2027-02-01,Revenue,ETS,1958.8870021962255
SMFP-75,Control & Reagent,2027-03-01,Revenue,ETS,1958.8870021962255
SMFP-75,Control & Reagent,2027-04-01,Revenue,ETS,1958.8870021962255
SMFP-75,Control & Reagent,2027-05-01,Revenue,ETS,1958.8870021962255
SMFP-75,Control & Reagent,2027-06-01,Revenue,ETS,1958.8870021962255
SMFP-75,Control & Reagent,2027-07-01,Revenue,ETS,1958.8870021962255
SMFP-75,Control & Reagent,2027-08-01,Revenue,ETS,1958.8870021962255
SMFP-75,Control & Reagent,2027-09-01,Revenue,ETS,1958.8870021962255
SMFP-75,Control & Reagent,2027-10-01,Revenue,ETS,1958.8870021962255
SMFP-75,Control & Reagent,2027-11-01,Revenue,ETS,1958.8870021962255
SMFP-75,Control & Reagent,2027-12-01,Revenue,ETS,1958.8870021962255
SMFP-75 (L),Control & Reagent,2026-10-01,Quantity,ETS,2.383427870673164
SMFP-75 (L),Control & Reagent,2026-11-01,Quantity,ETS,2.383427870673164
SMFP-75 (L),Control & Reagent,2026-12-01,Quantity,ETS,2.383427870673164
SMFP-75 (L),Control & Reagent,2027-01-01,Quantity,ETS,2.383427870673164
SMFP-75 (L),Control & Reagent,2027-02-01,Quantity,ETS,2.383427870673164
SMFP-75 (L),Control & Reagent,2027-03-01,Quantity,ETS,2.383427870673164
SMFP-75 (L),Control & Reagent,2027-04-01,Quantity,ETS,2.383427870673164
SMFP-75 (L),Control & Reagent,2027-05-01,Quantity,ETS,2.383427870673164
SMFP-75 (L),Control & Reagent,2027-06-01,Quantity,ETS,2.383427870673164
SMFP-75 (L),Control & Reagent,2027-07-01,Quantity,ETS,2.383427870673164
SMFP-75 (L),Control & Reagent,2027-08-01,Quantity,ETS,2.383427870673164
SMFP-75 (L),Control & Reagent,2027-09-01,Quantity,ETS,2.383427870673164
SMFP-75 (L),Control & Reagent,2027-10-01,Quantity,ETS,2.383427870673164
SMFP-75 (L),Control & Reagent,2027-11-01,Quantity,ETS,2.383427870673164
SMFP-75 (L),Control & Reagent,2027-12-01,Quantity,ETS,2.383427870673164
SMFP-75 (L),Control & Reagent,2026-10-01,Revenue,ETS,443.4330638581615
SMFP-75 (L),Control & Reagent,2026-11-01,Revenue,ETS,443.4330638581615
SMFP-75 (L),Control & Reagent,2026-12-01,Revenue,ETS,443.4330638581615
SMFP-75 (L),Control & Reagent,2027-01-01,Revenue,ETS,443.4330638581615
SMFP-75 (L),Control & Reagent,2027-02-01,Revenue,ETS,443.4330638581615
SMFP-75 (L),Control & Reagent,2027-03-01,Revenue,ETS,443.4330638581615
SMFP-75 (L),Control & Reagent,2027-04-01,Revenue,ETS,443.4330638581615
SMFP-75 (L),Control & Reagent,2027-05-01,Revenue,ETS,443.4330638581615
SMFP-75 (L),Control & Reagent,2027-06-01,Revenue,ETS,443.4330638581615
SMFP-75 (L),Control & Reagent,2027-07-01,Revenue,ETS,443.4330638581615
SMFP-75 (L),Control & Reagent,2027-08-01,Revenue,ETS,443.4330638581615
SMFP-75 (L),Control & Reagent,2027-09-01,Revenue,ETS,443.4330638581615
SMFP-75 (L),Control & Reagent,2027-10-01,Revenue,ETS,443.4330638581615
SMFP-75 (L),Control & Reagent,2027-11-01,Revenue,ETS,443.4330638581615
SMFP-75 (L),Control & Reagent,2027-12-01,Revenue,ETS,443.4330638581615
SMFP-76,Control & Reagent,2026-10-01,Quantity,ETS,0.35353887827085795
SMFP-76,Control & Reagent,2026-11-01,Quantity,ETS,0.35353887827085795
SMFP-76,Control & Reagent,2026-12-01,Quantity,ETS,0.35353887827085795
SMFP-76,Control & Reagent,2027-01-01,Quantity,ETS,0.35353887827085795
SMFP-76,Control & Reagent,2027-02-01,Quantity,ETS,0.35353887827085795
SMFP-76,Control & Reagent,2027-03-01,Quantity,ETS,0.35353887827085795
SMFP-76,Control & Reagent,2027-04-01,Quantity,ETS,0.35353887827085795
SMFP-76,Control & Reagent,2027-05-01,Quantity,ETS,0.35353887827085795
SMFP-76,Control & Reagent,2027-06-01,Quantity,ETS,0.35353887827085795
SMFP-76,Control & Reagent,2027-07-01,Quantity,ETS,0.35353887827085795
SMFP-76,Control & Reagent,2027-08-01,Quantity,ETS,0.35353887827085795
SMFP-76,Control & Reagent,2027-09-01,Quantity,ETS,0.35353887827085795
SMFP-76,Control & Reagent,2027-10-01,Quantity,ETS,0.35353887827085795
SMFP-76,Control & Reagent,2027-11-01,Quantity,ETS,0.35353887827085795
SMFP-76,Control & Reagent,2027-12-01,Quantity,ETS,0.35353887827085795
SMFP-76,Control & Reagent,2026-10-01,Revenue,ETS,1653.9141801697192
SMFP-76,Control & Reagent,2026-11-01,Revenue,ETS,1653.9141801697192
SMFP-76,Control & Reagent,2026-12-01,Revenue,ETS,1653.9141801697192
SMFP-76,Control & Reagent,2027-01-01,Revenue,ETS,1653.9141801697192
SMFP-76,Control & Reagent,2027-02-01,Revenue,ETS,1653.9141801697192
SMFP-76,Control & Reagent,2027-03-01,Revenue,ETS,1653.9141801697192
SMFP-76,Control & Reagent,2027-04-01,Revenue,ETS,1653.9141801697192
SMFP-76,Control & Reagent,2027-05-01,Revenue,ETS,1653.9141801697192
SMFP-76,Control & Reagent,2027-06-01,Revenue,ETS,1653.9141801697192
SMFP-76,Control & Reagent,2027-07-01,Revenue,ETS,1653.9141801697192
SMFP-76,Control & Reagent,2027-08-01,Revenue,ETS,1653.9141801697192
SMFP-76,Control & Reagent,2027-09-01,Revenue,ETS,1653.9141801697192
SMFP-76,Control & Reagent,2027-10-01,Revenue,ETS,1653.9141801697192
SMFP-76,Control & Reagent,2027-11-01,Revenue,ETS,1653.9141801697192
SMFP-76,Control & Reagent,2027-12-01,Revenue,ETS,1653.9141801697192
SMFP-78,Control & Reagent,2026-10-01,Quantity,ETS,0.2855465323658765
SMFP-78,Control & Reagent,2026-11-01,Quantity,ETS,0.2855465323658765
SMFP-78,Control & Reagent,2026-12-01,Quantity,ETS,0.2855465323658765
SMFP-78,Control & Reagent,2027-01-01,Quantity,ETS,0.2855465323658765
SMFP-78,Control & Reagent,2027-02-01,Quantity,ETS,0.2855465323658765
SMFP-78,Control & Reagent,2027-03-01,Quantity,ETS,0.2855465323658765
SMFP-78,Control & Reagent,2027-04-01,Quantity,ETS,0.2855465323658765
SMFP-78,Control & Reagent,2027-05-01,Quantity,ETS,0.2855465323658765
SMFP-78,Control & Reagent,2027-06-01,Quantity,ETS,0.2855465323658765
SMFP-78,Control & Reagent,2027-07-01,Quantity,ETS,0.2855465323658765
SMFP-78,Control & Reagent,2027-08-01,Quantity,ETS,0.2855465323658765
SMFP-78,Control & Reagent,2027-09-01,Quantity,ETS,0.2855465323658765
SMFP-78,Control & Reagent,2027-10-01,Quantity,ETS,0.2855465323658765
SMFP-78,Control & Reagent,2027-11-01,Quantity,ETS,0.2855465323658765
SMFP-78,Control & Reagent,2027-12-01,Quantity,ETS,0.2855465323658765
SMFP-78,Control & Reagent,2026-10-01,Revenue,ETS,185.11716207542952
SMFP-78,Control & Reagent,2026-11-01,Revenue,ETS,185.11716207542952
SMFP-78,Control & Reagent,2026-12-01,Revenue,ETS,185.11716207542952
SMFP-78,Control & Reagent,2027-01-01,Revenue,ETS,185.11716207542952
SMFP-78,Control & Reagent,2027-02-01,Revenue,ETS,185.11716207542952
SMFP-78,Control & Reagent,2027-03-01,Revenue,ETS,185.11716207542952
SMFP-78,Control & Reagent,2027-04-01,Revenue,ETS,185.11716207542952
SMFP-78,Control & Reagent,2027-05-01,Revenue,ETS,185.11716207542952
SMFP-78,Control & Reagent,2027-06-01,Revenue,ETS,185.11716207542952
SMFP-78,Control & Reagent,2027-07-01,Revenue,ETS,185.11716207542952
SMFP-78,Control & Reagent,2027-08-01,Revenue,ETS,185.11716207542952
SMFP-78,Control & Reagent,2027-09-01,Revenue,ETS,185.11716207542952
SMFP-78,Control & Reagent,2027-10-01,Revenue,ETS,185.11716207542952
SMFP-78,Control & Reagent,2027-11-01,Revenue,ETS,185.11716207542952
SMFP-78,Control & Reagent,2027-12-01,Revenue,ETS,185.11716207542952
SMFP-83,Control & Reagent,2026-10-01,Quantity,ETS,0.09525502116516703
SMFP-83,Control & Reagent,2026-11-01,Quantity,ETS,0.09525502116516703
SMFP-83,Control & Reagent,2026-12-01,Quantity,ETS,0.09525502116516703
SMFP-83,Control & Reagent,2027-01-01,Quantity,ETS,0.09525502116516703
SMFP-83,Control & Reagent,2027-02-01,Quantity,ETS,0.09525502116516703
SMFP-83,Control & Reagent,2027-03-01,Quantity,ETS,0.09525502116516703
SMFP-83,Control & Reagent,2027-04-01,Quantity,ETS,0.09525502116516703
SMFP-83,Control & Reagent,2027-05-01,Quantity,ETS,0.09525502116516703
SMFP-83,Control & Reagent,2027-06-01,Quantity,ETS,0.09525502116516703
SMFP-83,Control & Reagent,2027-07-01,Quantity,ETS,0.09525502116516703
SMFP-83,Control & Reagent,2027-08-01,Quantity,ETS,0.09525502116516703
SMFP-83,Control & Reagent,2027-09-01,Quantity,ETS,0.09525502116516703
SMFP-83,Control & Reagent,2027-10-01,Quantity,ETS,0.09525502116516703
SMFP-83,Control & Reagent,2027-11-01,Quantity,ETS,0.09525502116516703
SMFP-83,Control & Reagent,2027-12-01,Quantity,ETS,0.09525502116516703
SMFP-83,Control & Reagent,2026-10-01,Revenue,ETS,114.04708700272072
SMFP-83,Control & Reagent,2026-11-01,Revenue,ETS,114.04708700272072
SMFP-83,Control & Reagent,2026-12-01,Revenue,ETS,114.04708700272072
SMFP-83,Control & Reagent,2027-01-01,Revenue,ETS,114.04708700272072
SMFP-83,Control & Reagent,2027-02-01,Revenue,ETS,114.04708700272072
SMFP-83,Control & Reagent,2027-03-01,Revenue,ETS,114.04708700272072
SMFP-83,Control & Reagent,2027-04-01,Revenue,ETS,114.04708700272072
SMFP-83,Control & Reagent,2027-05-01,Revenue,ETS,114.04708700272072
SMFP-83,Control & Reagent,2027-06-01,Revenue,ETS,114.04708700272072
SMFP-83,Control & Reagent,2027-07-01,Revenue,ETS,114.04708700272072
SMFP-83,Control & Reagent,2027-08-01,Revenue,ETS,114.04708700272072
SMFP-83,Control & Reagent,2027-09-01,Revenue,ETS,114.04708700272072
SMFP-83,Control & Reagent,2027-10-01,Revenue,ETS,114.04708700272072
SMFP-83,Control & Reagent,2027-11-01,Revenue,ETS,114.04708700272072
SMFP-83,Control & Reagent,2027-12-01,Revenue,ETS,114.04708700272072
SMFP-84,Control & Reagent,2026-10-01,Quantity,ETS,0.15798045168085617
SMFP-84,Control & Reagent,2026-11-01,Quantity,ETS,0.15798045168085617
SMFP-84,Control & Reagent,2026-12-01,Quantity,ETS,0.15798045168085617
SMFP-84,Control & Reagent,2027-01-01,Quantity,ETS,0.15798045168085617
SMFP-84,Control & Reagent,2027-02-01,Quantity,ETS,0.15798045168085617
SMFP-84,Control & Reagent,2027-03-01,Quantity,ETS,0.15798045168085617
SMFP-84,Control & Reagent,2027-04-01,Quantity,ETS,0.15798045168085617
SMFP-84,Control & Reagent,2027-05-01,Quantity,ETS,0.15798045168085617
SMFP-84,Control & Reagent,2027-06-01,Quantity,ETS,0.15798045168085617
SMFP-84,Control & Reagent,2027-07-01,Quantity,ETS,0.15798045168085617
SMFP-84,Control & Reagent,2027-08-01,Quantity,ETS,0.15798045168085617
SMFP-84,Control & Reagent,2027-09-01,Quantity,ETS,0.15798045168085617
SMFP-84,Control & Reagent,2027-10-01,Quantity,ETS,0.15798045168085617
SMFP-84,Control & Reagent,2027-11-01,Quantity,ETS,0.15798045168085617
SMFP-84,Control & Reagent,2027-12-01,Quantity,ETS,0.15798045168085617
SMFP-84,Control & Reagent,2026-10-01,Revenue,ETS,98.92908919506209
SMFP-84,Control & Reagent,2026-11-01,Revenue,ETS,98.92908919506209
SMFP-84,Control & Reagent,2026-12-01,Revenue,ETS,98.92908919506209
SMFP-84,Control & Reagent,2027-01-01,Revenue,ETS,98.92908919506209
SMFP-84,Control & Reagent,2027-02-01,Revenue,ETS,98.92908919506209
SMFP-84,Control & Reagent,2027-03-01,Revenue,ETS,98.92908919506209
SMFP-84,Control & Reagent,2027-04-01,Revenue,ETS,98.92908919506209
SMFP-84,Control & Reagent,2027-05-01,Revenue,ETS,98.92908919506209
SMFP-84,Control & Reagent,2027-06-01,Revenue,ETS,98.92908919506209
SMFP-84,Control & Reagent,2027-07-01,Revenue,ETS,98.92908919506209
SMFP-84,Control & Reagent,2027-08-01,Revenue,ETS,98.92908919506209
SMFP-84,Control & Reagent,2027-09-01,Revenue,ETS,98.92908919506209
SMFP-84,Control & Reagent,2027-10-01,Revenue,ETS,98.92908919506209
SMFP-84,Control & Reagent,2027-11-01,Revenue,ETS,98.92908919506209
SMFP-84,Control & Reagent,2027-12-01,Revenue,ETS,98.92908919506209
SMFP-86,Control & Reagent,2026-10-01,Quantity,ETS,3.570772554315187
SMFP-86,Control & Reagent,2026-11-01,Quantity,ETS,3.570772554315187
SMFP-86,Control & Reagent,2026-12-01,Quantity,ETS,3.570772554315187
SMFP-86,Control & Reagent,2027-01-01,Quantity,ETS,3.570772554315187
SMFP-86,Control & Reagent,2027-02-01,Quantity,ETS,3.570772554315187
SMFP-86,Control & Reagent,2027-03-01,Quantity,ETS,3.570772554315187
SMFP-86,Control & Reagent,2027-04-01,Quantity,ETS,3.570772554315187
SMFP-86,Control & Reagent,2027-05-01,Quantity,ETS,3.570772554315187
SMFP-86,Control & Reagent,2027-06-01,Quantity,ETS,3.570772554315187
SMFP-86,Control & Reagent,2027-07-01,Quantity,ETS,3.570772554315187
SMFP-86,Control & Reagent,2027-08-01,Quantity,ETS,3.570772554315187
SMFP-86,Control & Reagent,2027-09-01,Quantity,ETS,3.570772554315187
SMFP-86,Control & Reagent,2027-10-01,Quantity,ETS,3.570772554315187
SMFP-86,Control & Reagent,2027-11-01,Quantity,ETS,3.570772554315187
SMFP-86,Control & Reagent,2027-12-01,Quantity,ETS,3.570772554315187
SMFP-86,Control & Reagent,2026-10-01,Revenue,ETS,915.4252048682495
SMFP-86,Control & Reagent,2026-11-01,Revenue,ETS,915.4252048682495
SMFP-86,Control & Reagent,2026-12-01,Revenue,ETS,915.4252048682495
SMFP-86,Control & Reagent,2027-01-01,Revenue,ETS,915.4252048682495
SMFP-86,Control & Reagent,2027-02-01,Revenue,ETS,915.4252048682495
SMFP-86,Control & Reagent,2027-03-01,Revenue,ETS,915.4252048682495
SMFP-86,Control & Reagent,2027-04-01,Revenue,ETS,915.4252048682495
SMFP-86,Control & Reagent,2027-05-01,Revenue,ETS,915.4252048682495
SMFP-86,Control & Reagent,2027-06-01,Revenue,ETS,915.4252048682495
SMFP-86,Control & Reagent,2027-07-01,Revenue,ETS,915.4252048682495
SMFP-86,Control & Reagent,2027-08-01,Revenue,ETS,915.4252048682495
SMFP-86,Control & Reagent,2027-09-01,Revenue,ETS,915.4252048682495
SMFP-86,Control & Reagent,2027-10-01,Revenue,ETS,915.4252048682495
SMFP-86,Control & Reagent,2027-11-01,Revenue,ETS,915.4252048682495
SMFP-86,Control & Reagent,2027-12-01,Revenue,ETS,915.4252048682495
SMFP-95,Control & Reagent,2026-10-01,Quantity,ETS,9.780663042951254
SMFP-95,Control & Reagent,2026-11-01,Quantity,ETS,9.780663042951254
SMFP-95,Control & Reagent,2026-12-01,Quantity,ETS,9.780663042951254
SMFP-95,Control & Reagent,2027-01-01,Quantity,ETS,9.780663042951254
SMFP-95,Control & Reagent,2027-02-01,Quantity,ETS,9.780663042951254
SMFP-95,Control & Reagent,2027-03-01,Quantity,ETS,9.780663042951254
SMFP-95,Control & Reagent,2027-04-01,Quantity,ETS,9.780663042951254
SMFP-95,Control & Reagent,2027-05-01,Quantity,ETS,9.780663042951254
SMFP-95,Control & Reagent,2027-06-01,Quantity,ETS,9.780663042951254
SMFP-95,Control & Reagent,2027-07-01,Quantity,ETS,9.780663042951254
SMFP-95,Control & Reagent,2027-08-01,Quantity,ETS,9.780663042951254
SMFP-95,Control & Reagent,2027-09-01,Quantity,ETS,9.780663042951254
SMFP-95,Control & Reagent,2027-10-01,Quantity,ETS,9.780663042951254
SMFP-95,Control & Reagent,2027-11-01,Quantity,ETS,9.780663042951254
SMFP-95,Control & Reagent,2027-12-01,Quantity,ETS,9.780663042951254
SMFP-95,Control & Reagent,2026-10-01,Revenue,ETS,8045.216092361984
SMFP-95,Control & Reagent,2026-11-01,Revenue,ETS,8045.216092361984
SMFP-95,Control & Reagent,2026-12-01,Revenue,ETS,8045.216092361984
SMFP-95,Control & Reagent,2027-01-01,Revenue,ETS,8045.216092361984
SMFP-95,Control & Reagent,2027-02-01,Revenue,ETS,8045.216092361984
SMFP-95,Control & Reagent,2027-03-01,Revenue,ETS,8045.216092361984
SMFP-95,Control & Reagent,2027-04-01,Revenue,ETS,8045.216092361984
SMFP-95,Control & Reagent,2027-05-01,Revenue,ETS,8045.216092361984
SMFP-95,Control & Reagent,2027-06-01,Revenue,ETS,8045.216092361984
SMFP-95,Control & Reagent,2027-07-01,Revenue,ETS,8045.216092361984
SMFP-95,Control & Reagent,2027-08-01,Revenue,ETS,8045.216092361984
SMFP-95,Control & Reagent,2027-09-01,Revenue,ETS,8045.216092361984
SMFP-95,Control & Reagent,2027-10-01,Revenue,ETS,8045.216092361984
SMFP-95,Control & Reagent,2027-11-01,Revenue,ETS,8045.216092361984
SMFP-95,Control & Reagent,2027-12-01,Revenue,ETS,8045.216092361984
SMFP-99,Control & Reagent,2026-10-01,Quantity,ETS,6.343942435006772
SMFP-99,Control & Reagent,2026-11-01,Quantity,ETS,6.343942435006772
SMFP-99,Control & Reagent,2026-12-01,Quantity,ETS,6.343942435006772
SMFP-99,Control & Reagent,2027-01-01,Quantity,ETS,6.343942435006772
SMFP-99,Control & Reagent,2027-02-01,Quantity,ETS,6.343942435006772
SMFP-99,Control & Reagent,2027-03-01,Quantity,ETS,6.343942435006772
SMFP-99,Control & Reagent,2027-04-01,Quantity,ETS,6.343942435006772
SMFP-99,Control & Reagent,2027-05-01,Quantity,ETS,6.343942435006772
SMFP-99,Control & Reagent,2027-06-01,Quantity,ETS,6.343942435006772
SMFP-99,Control & Reagent,2027-07-01,Quantity,ETS,6.343942435006772
SMFP-99,Control & Reagent,2027-08-01,Quantity,ETS,6.343942435006772
SMFP-99,Control & Reagent,2027-09-01,Quantity,ETS,6.343942435006772
SMFP-99,Control & Reagent,2027-10-01,Quantity,ETS,6.343942435006772
SMFP-99,Control & Reagent,2027-11-01,Quantity,ETS,6.343942435006772
SMFP-99,Control & Reagent,2027-12-01,Quantity,ETS,6.343942435006772
SMFP-99,Control & Reagent,2026-10-01,Revenue,ETS,5977.973433565986
SMFP-99,Control & Reagent,2026-11-01,Revenue,ETS,5977.973433565986
SMFP-99,Control & Reagent,2026-12-01,Revenue,ETS,5977.973433565986
SMFP-99,Control & Reagent,2027-01-01,Revenue,ETS,5977.973433565986
SMFP-99,Control & Reagent,2027-02-01,Revenue,ETS,5977.973433565986
SMFP-99,Control & Reagent,2027-03-01,Revenue,ETS,5977.973433565986
SMFP-99,Control & Reagent,2027-04-01,Revenue,ETS,5977.973433565986
SMFP-99,Control & Reagent,2027-05-01,Revenue,ETS,5977.973433565986
SMFP-99,Control & Reagent,2027-06-01,Revenue,ETS,5977.973433565986
SMFP-99,Control & Reagent,2027-07-01,Revenue,ETS,5977.973433565986
SMFP-99,Control & Reagent,2027-08-01,Revenue,ETS,5977.973433565986
SMFP-99,Control & Reagent,2027-09-01,Revenue,ETS,5977.973433565986
SMFP-99,Control & Reagent,2027-10-01,Revenue,ETS,5977.973433565986
SMFP-99,Control & Reagent,2027-11-01,Revenue,ETS,5977.973433565986
SMFP-99,Control & Reagent,2027-12-01,Revenue,ETS,5977.973433565986
CFPO-100,Control & Reagent,2026-10-01,Quantity,arima,0
CFPO-100,Control & Reagent,2026-11-01,Quantity,arima,0
CFPO-100,Control & Reagent,2026-12-01,Quantity,arima,0
CFPO-100,Control & Reagent,2027-01-01,Quantity,arima,0
CFPO-100,Control & Reagent,2027-02-01,Quantity,arima,0
CFPO-100,Control & Reagent,2027-03-01,Quantity,arima,0
CFPO-100,Control & Reagent,2027-04-01,Quantity,arima,0
CFPO-100,Control & Reagent,2027-05-01,Quantity,arima,0
CFPO-100,Control & Reagent,2027-06-01,Quantity,arima,0
CFPO-100,Control & Reagent,2027-07-01,Quantity,arima,0
CFPO-100,Control & Reagent,2027-08-01,Quantity,arima,0
CFPO-100,Control & Reagent,2027-09-01,Quantity,arima,0
CFPO-100,Control & Reagent,2027-10-01,Quantity,arima,0
CFPO-100,Control & Reagent,2027-11-01,Quantity,arima,0
CFPO-100,Control & Reagent,2027-12-01,Quantity,arima,0
CFPO-100,Control & Reagent,2026-10-01,Revenue,arima,0
CFPO-100,Control & Reagent,2026-11-01,Revenue,arima,0
CFPO-100,Control & Reagent,2026-12-01,Revenue,arima,0
CFPO-100,Control & Reagent,2027-01-01,Revenue,arima,0
CFPO-100,Control & Reagent,2027-02-01,Revenue,arima,0
CFPO-100,Control & Reagent,2027-03-01,Revenue,arima,0
CFPO-100,Control & Reagent,2027-04-01,Revenue,arima,0
CFPO-100,Control & Reagent,2027-05-01,Revenue,arima,0
CFPO-100,Control & Reagent,2027-06-01,Revenue,arima,0
CFPO-100,Control & Reagent,2027-07-01,Revenue,arima,0
CFPO-100,Control & Reagent,2027-08-01,Revenue,arima,0
CFPO-100,Control & Reagent,2027-09-01,Revenue,arima,0
CFPO-100,Control & Reagent,2027-10-01,Revenue,arima,0
CFPO-100,Control & Reagent,2027-11-01,Revenue,arima,0
CFPO-100,Control & Reagent,2027-12-01,Revenue,arima,0
CFPO-102,Control & Reagent,2026-10-01,Quantity,arima,0.33333333333374293
CFPO-102,Control & Reagent,2026-11-01,Quantity,arima,0.33333333333374293
CFPO-102,Control & Reagent,2026-12-01,Quantity,arima,0.33333333333374293
CFPO-102,Control & Reagent,2027-01-01,Quantity,arima,0.33333333333374293
CFPO-102,Control & Reagent,2027-02-01,Quantity,arima,0.33333333333374293
CFPO-102,Control & Reagent,2027-03-01,Quantity,arima,0.33333333333374293
CFPO-102,Control & Reagent,2027-04-01,Quantity,arima,0.33333333333374293
CFPO-102,Control & Reagent,2027-05-01,Quantity,arima,0.33333333333374293
CFPO-102,Control & Reagent,2027-06-01,Quantity,arima,0.33333333333374293
CFPO-102,Control & Reagent,2027-07-01,Quantity,arima,0.33333333333374293
CFPO-102,Control & Reagent,2027-08-01,Quantity,arima,0.33333333333374293
CFPO-102,Control & Reagent,2027-09-01,Quantity,arima,0.33333333333374293
CFPO-102,Control & Reagent,2027-10-01,Quantity,arima,0.33333333333374293
CFPO-102,Control & Reagent,2027-11-01,Quantity,arima,0.33333333333374293
CFPO-102,Control & Reagent,2027-12-01,Quantity,arima,0.33333333333374293
CFPO-102,Control & Reagent,2026-10-01,Revenue,arima,55.23809523809525
CFPO-102,Control & Reagent,2026-11-01,Revenue,arima,55.23809523809525
CFPO-102,Control & Reagent,2026-12-01,Revenue,arima,55.23809523809525
CFPO-102,Control & Reagent,2027-01-01,Revenue,arima,55.23809523809525
CFPO-102,Control & Reagent,2027-02-01,Revenue,arima,55.23809523809525
CFPO-102,Control & Reagent,2027-03-01,Revenue,arima,55.23809523809525
CFPO-102,Control & Reagent,2027-04-01,Revenue,arima,55.23809523809525
CFPO-102,Control & Reagent,2027-05-01,Revenue,arima,55.23809523809525
CFPO-102,Control & Reagent,2027-06-01,Revenue,arima,55.23809523809525
CFPO-102,Control & Reagent,2027-07-01,Revenue,arima,55.23809523809525
CFPO-102,Control & Reagent,2027-08-01,Revenue,arima,55.23809523809525
CFPO-102,Control & Reagent,2027-09-01,Revenue,arima,55.23809523809525
CFPO-102,Control & Reagent,2027-10-01,Revenue,arima,55.23809523809525
CFPO-102,Control & Reagent,2027-11-01,Revenue,arima,55.23809523809525
CFPO-102,Control & Reagent,2027-12-01,Revenue,arima,55.23809523809525
CFPO-206,Control & Reagent,2026-10-01,Quantity,arima,4.788663278823063
CFPO-206,Control & Reagent,2026-11-01,Quantity,arima,4.788663278823063
CFPO-206,Control & Reagent,2026-12-01,Quantity,arima,4.788663278823063
CFPO-206,Control & Reagent,2027-01-01,Quantity,arima,4.788663278823063
CFPO-206,Control & Reagent,2027-02-01,Quantity,arima,4.788663278823063
CFPO-206,Control & Reagent,2027-03-01,Quantity,arima,4.788663278823063
CFPO-206,Control & Reagent,2027-04-01,Quantity,arima,4.788663278823063
CFPO-206,Control & Reagent,2027-05-01,Quantity,arima,4.788663278823063
CFPO-206,Control & Reagent,2027-06-01,Quantity,arima,4.788663278823063
CFPO-206,Control & Reagent,2027-07-01,Quantity,arima,4.788663278823063
CFPO-206,Control & Reagent,2027-08-01,Quantity,arima,4.788663278823063
CFPO-206,Control & Reagent,2027-09-01,Quantity,arima,4.788663278823063
CFPO-206,Control & Reagent,2027-10-01,Quantity,arima,4.788663278823063
CFPO-206,Control & Reagent,2027-11-01,Quantity,arima,4.788663278823063
CFPO-206,Control & Reagent,2027-12-01,Quantity,arima,4.788663278823063
CFPO-206,Control & Reagent,2026-10-01,Revenue,arima,0
CFPO-206,Control & Reagent,2026-11-01,Revenue,arima,0
CFPO-206,Control & Reagent,2026-12-01,Revenue,arima,0
CFPO-206,Control & Reagent,2027-01-01,Revenue,arima,0
CFPO-206,Control & Reagent,2027-02-01,Revenue,arima,0
CFPO-206,Control & Reagent,2027-03-01,Revenue,arima,0
CFPO-206,Control & Reagent,2027-04-01,Revenue,arima,0
CFPO-206,Control & Reagent,2027-05-01,Revenue,arima,0
CFPO-206,Control & Reagent,2027-06-01,Revenue,arima,0
CFPO-206,Control & Reagent,2027-07-01,Revenue,arima,0
CFPO-206,Control & Reagent,2027-08-01,Revenue,arima,0
CFPO-206,Control & Reagent,2027-09-01,Revenue,arima,0
CFPO-206,Control & Reagent,2027-10-01,Revenue,arima,0
CFPO-206,Control & Reagent,2027-11-01,Revenue,arima,0
CFPO-206,Control & Reagent,2027-12-01,Revenue,arima,0
CFPO-212,Control & Reagent,2026-10-01,Quantity,arima,0.2857142857138111
CFPO-212,Control & Reagent,2026-11-01,Quantity,arima,0.2857142857138111
CFPO-212,Control & Reagent,2026-12-01,Quantity,arima,0.2857142857138111
CFPO-212,Control & Reagent,2027-01-01,Quantity,arima,0.2857142857138111
CFPO-212,Control & Reagent,2027-02-01,Quantity,arima,0.2857142857138111
CFPO-212,Control & Reagent,2027-03-01,Quantity,arima,0.2857142857138111
CFPO-212,Control & Reagent,2027-04-01,Quantity,arima,0.2857142857138111
CFPO-212,Control & Reagent,2027-05-01,Quantity,arima,0.2857142857138111
CFPO-212,Control & Reagent,2027-06-01,Quantity,arima,0.2857142857138111
CFPO-212,Control & Reagent,2027-07-01,Quantity,arima,0.2857142857138111
CFPO-212,Control & Reagent,2027-08-01,Quantity,arima,0.2857142857138111
CFPO-212,Control & Reagent,2027-09-01,Quantity,arima,0.2857142857138111
CFPO-212,Control & Reagent,2027-10-01,Quantity,arima,0.2857142857138111
CFPO-212,Control & Reagent,2027-11-01,Quantity,arima,0.2857142857138111
CFPO-212,Control & Reagent,2027-12-01,Quantity,arima,0.2857142857138111
CFPO-212,Control & Reagent,2026-10-01,Revenue,arima,57.14285714285715
CFPO-212,Control & Reagent,2026-11-01,Revenue,arima,57.14285714285715
CFPO-212,Control & Reagent,2026-12-01,Revenue,arima,57.14285714285715
CFPO-212,Control & Reagent,2027-01-01,Revenue,arima,57.14285714285715
CFPO-212,Control & Reagent,2027-02-01,Revenue,arima,57.14285714285715
CFPO-212,Control & Reagent,2027-03-01,Revenue,arima,57.14285714285715
CFPO-212,Control & Reagent,2027-04-01,Revenue,arima,57.14285714285715
CFPO-212,Control & Reagent,2027-05-01,Revenue,arima,57.14285714285715
CFPO-212,Control & Reagent,2027-06-01,Revenue,arima,57.14285714285715
CFPO-212,Control & Reagent,2027-07-01,Revenue,arima,57.14285714285715
CFPO-212,Control & Reagent,2027-08-01,Revenue,arima,57.14285714285715
CFPO-212,Control & Reagent,2027-09-01,Revenue,arima,57.14285714285715
CFPO-212,Control & Reagent,2027-10-01,Revenue,arima,57.14285714285715
CFPO-212,Control & Reagent,2027-11-01,Revenue,arima,57.14285714285715
CFPO-212,Control & Reagent,2027-12-01,Revenue,arima,57.14285714285715
CFPO-214,Control & Reagent,2026-10-01,Quantity,arima,0.6190476190483161
CFPO-214,Control & Reagent,2026-11-01,Quantity,arima,0.6190476190483161
CFPO-214,Control & Reagent,2026-12-01,Quantity,arima,0.6190476190483161
CFPO-214,Control & Reagent,2027-01-01,Quantity,arima,0.6190476190483161
CFPO-214,Control & Reagent,2027-02-01,Quantity,arima,0.6190476190483161
CFPO-214,Control & Reagent,2027-03-01,Quantity,arima,0.6190476190483161
CFPO-214,Control & Reagent,2027-04-01,Quantity,arima,0.6190476190483161
CFPO-214,Control & Reagent,2027-05-01,Quantity,arima,0.6190476190483161
CFPO-214,Control & Reagent,2027-06-01,Quantity,arima,0.6190476190483161
CFPO-214,Control & Reagent,2027-07-01,Quantity,arima,0.6190476190483161
CFPO-214,Control & Reagent,2027-08-01,Quantity,arima,0.6190476190483161
CFPO-214,Control & Reagent,2027-09-01,Quantity,arima,0.6190476190483161
CFPO-214,Control & Reagent,2027-10-01,Quantity,arima,0.6190476190483161
CFPO-214,Control & Reagent,2027-11-01,Quantity,arima,0.6190476190483161
CFPO-214,Control & Reagent,2027-12-01,Quantity,arima,0.6190476190483161
CFPO-214,Control & Reagent,2026-10-01,Revenue,arima,114.28571428571429
CFPO-214,Control & Reagent,2026-11-01,Revenue,arima,114.28571428571429
CFPO-214,Control & Reagent,2026-12-01,Revenue,arima,114.28571428571429
CFPO-214,Control & Reagent,2027-01-01,Revenue,arima,114.28571428571429
CFPO-214,Control & Reagent,2027-02-01,Revenue,arima,114.28571428571429
CFPO-214,Control & Reagent,2027-03-01,Revenue,arima,114.28571428571429
CFPO-214,Control & Reagent,2027-04-01,Revenue,arima,114.28571428571429
CFPO-214,Control & Reagent,2027-05-01,Revenue,arima,114.28571428571429
CFPO-214,Control & Reagent,2027-06-01,Revenue,arima,114.28571428571429
CFPO-214,Control & Reagent,2027-07-01,Revenue,arima,114.28571428571429
CFPO-214,Control & Reagent,2027-08-01,Revenue,arima,114.28571428571429
CFPO-214,Control & Reagent,2027-09-01,Revenue,arima,114.28571428571429
CFPO-214,Control & Reagent,2027-10-01,Revenue,arima,114.28571428571429
CFPO-214,Control & Reagent,2027-11-01,Revenue,arima,114.28571428571429
CFPO-214,Control & Reagent,2027-12-01,Revenue,arima,114.28571428571429
CFPO-232,Control & Reagent,2026-10-01,Quantity,arima,0
CFPO-232,Control & Reagent,2026-11-01,Quantity,arima,0
CFPO-232,Control & Reagent,2026-12-01,Quantity,arima,0
CFPO-232,Control & Reagent,2027-01-01,Quantity,arima,0
CFPO-232,Control & Reagent,2027-02-01,Quantity,arima,0
CFPO-232,Control & Reagent,2027-03-01,Quantity,arima,0
CFPO-232,Control & Reagent,2027-04-01,Quantity,arima,0
CFPO-232,Control & Reagent,2027-05-01,Quantity,arima,0
CFPO-232,Control & Reagent,2027-06-01,Quantity,arima,0
CFPO-232,Control & Reagent,2027-07-01,Quantity,arima,0
CFPO-232,Control & Reagent,2027-08-01,Quantity,arima,0
CFPO-232,Control & Reagent,2027-09-01,Quantity,arima,0
CFPO-232,Control & Reagent,2027-10-01,Quantity,arima,0
CFPO-232,Control & Reagent,2027-11-01,Quantity,arima,0
CFPO-232,Control & Reagent,2027-12-01,Quantity,arima,0
CFPO-232,Control & Reagent,2026-10-01,Revenue,arima,0
CFPO-232,Control & Reagent,2026-11-01,Revenue,arima,0
CFPO-232,Control & Reagent,2026-12-01,Revenue,arima,0
CFPO-232,Control & Reagent,2027-01-01,Revenue,arima,0
CFPO-232,Control & Reagent,2027-02-01,Revenue,arima,0
CFPO-232,Control & Reagent,2027-03-01,Revenue,arima,0
CFPO-232,Control & Reagent,2027-04-01,Revenue,arima,0
CFPO-232,Control & Reagent,2027-05-01,Revenue,arima,0
CFPO-232,Control & Reagent,2027-06-01,Revenue,arima,0
CFPO-232,Control & Reagent,2027-07-01,Revenue,arima,0
CFPO-232,Control & Reagent,2027-08-01,Revenue,arima,0
CFPO-232,Control & Reagent,2027-09-01,Revenue,arima,0
CFPO-232,Control & Reagent,2027-10-01,Revenue,arima,0
CFPO-232,Control & Reagent,2027-11-01,Revenue,arima,0
CFPO-232,Control & Reagent,2027-12-01,Revenue,arima,0
CFPO-238,Control & Reagent,2026-10-01,Quantity,arima,0
CFPO-238,Control & Reagent,2026-11-01,Quantity,arima,0
CFPO-238,Control & Reagent,2026-12-01,Quantity,arima,0
CFPO-238,Control & Reagent,2027-01-01,Quantity,arima,0
CFPO-238,Control & Reagent,2027-02-01,Quantity,arima,0
CFPO-238,Control & Reagent,2027-03-01,Quantity,arima,0
CFPO-238,Control & Reagent,2027-04-01,Quantity,arima,0
CFPO-238,Control & Reagent,2027-05-01,Quantity,arima,0
CFPO-238,Control & Reagent,2027-06-01,Quantity,arima,0
CFPO-238,Control & Reagent,2027-07-01,Quantity,arima,0
CFPO-238,Control & Reagent,2027-08-01,Quantity,arima,0
CFPO-238,Control & Reagent,2027-09-01,Quantity,arima,0
CFPO-238,Control & Reagent,2027-10-01,Quantity,arima,0
CFPO-238,Control & Reagent,2027-11-01,Quantity,arima,0
CFPO-238,Control & Reagent,2027-12-01,Quantity,arima,0
CFPO-238,Control & Reagent,2026-10-01,Revenue,arima,0
CFPO-238,Control & Reagent,2026-11-01,Revenue,arima,0
CFPO-238,Control & Reagent,2026-12-01,Revenue,arima,0
CFPO-238,Control & Reagent,2027-01-01,Revenue,arima,0
CFPO-238,Control & Reagent,2027-02-01,Revenue,arima,0
CFPO-238,Control & Reagent,2027-03-01,Revenue,arima,0
CFPO-238,Control & Reagent,2027-04-01,Revenue,arima,0
CFPO-238,Control & Reagent,2027-05-01,Revenue,arima,0
CFPO-238,Control & Reagent,2027-06-01,Revenue,arima,0
CFPO-238,Control & Reagent,2027-07-01,Revenue,arima,0
CFPO-238,Control & Reagent,2027-08-01,Revenue,arima,0
CFPO-238,Control & Reagent,2027-09-01,Revenue,arima,0
CFPO-238,Control & Reagent,2027-10-01,Revenue,arima,0
CFPO-238,Control & Reagent,2027-11-01,Revenue,arima,0
CFPO-238,Control & Reagent,2027-12-01,Revenue,arima,0
CFPO-239,Control & Reagent,2026-10-01,Quantity,arima,0
CFPO-239,Control & Reagent,2026-11-01,Quantity,arima,0
CFPO-239,Control & Reagent,2026-12-01,Quantity,arima,0
CFPO-239,Control & Reagent,2027-01-01,Quantity,arima,0
CFPO-239,Control & Reagent,2027-02-01,Quantity,arima,0
CFPO-239,Control & Reagent,2027-03-01,Quantity,arima,0
CFPO-239,Control & Reagent,2027-04-01,Quantity,arima,0
CFPO-239,Control & Reagent,2027-05-01,Quantity,arima,0
CFPO-239,Control & Reagent,2027-06-01,Quantity,arima,0
CFPO-239,Control & Reagent,2027-07-01,Quantity,arima,0
CFPO-239,Control & Reagent,2027-08-01,Quantity,arima,0
CFPO-239,Control & Reagent,2027-09-01,Quantity,arima,0
CFPO-239,Control & Reagent,2027-10-01,Quantity,arima,0
CFPO-239,Control & Reagent,2027-11-01,Quantity,arima,0
CFPO-239,Control & Reagent,2027-12-01,Quantity,arima,0
CFPO-239,Control & Reagent,2026-10-01,Revenue,arima,0
CFPO-239,Control & Reagent,2026-11-01,Revenue,arima,0
CFPO-239,Control & Reagent,2026-12-01,Revenue,arima,0
CFPO-239,Control & Reagent,2027-01-01,Revenue,arima,0
CFPO-239,Control & Reagent,2027-02-01,Revenue,arima,0
CFPO-239,Control & Reagent,2027-03-01,Revenue,arima,0
CFPO-239,Control & Reagent,2027-04-01,Revenue,arima,0
CFPO-239,Control & Reagent,2027-05-01,Revenue,arima,0
CFPO-239,Control & Reagent,2027-06-01,Revenue,arima,0
CFPO-239,Control & Reagent,2027-07-01,Revenue,arima,0
CFPO-239,Control & Reagent,2027-08-01,Revenue,arima,0
CFPO-239,Control & Reagent,2027-09-01,Revenue,arima,0
CFPO-239,Control & Reagent,2027-10-01,Revenue,arima,0
CFPO-239,Control & Reagent,2027-11-01,Revenue,arima,0
CFPO-239,Control & Reagent,2027-12-01,Revenue,arima,0
CFPO-243,Control & Reagent,2026-10-01,Quantity,arima,0
CFPO-243,Control & Reagent,2026-11-01,Quantity,arima,0
CFPO-243,Control & Reagent,2026-12-01,Quantity,arima,0
CFPO-243,Control & Reagent,2027-01-01,Quantity,arima,0
CFPO-243,Control & Reagent,2027-02-01,Quantity,arima,0
CFPO-243,Control & Reagent,2027-03-01,Quantity,arima,0
CFPO-243,Control & Reagent,2027-04-01,Quantity,arima,0
CFPO-243,Control & Reagent,2027-05-01,Quantity,arima,0
CFPO-243,Control & Reagent,2027-06-01,Quantity,arima,0
CFPO-243,Control & Reagent,2027-07-01,Quantity,arima,0
CFPO-243,Control & Reagent,2027-08-01,Quantity,arima,0
CFPO-243,Control & Reagent,2027-09-01,Quantity,arima,0
CFPO-243,Control & Reagent,2027-10-01,Quantity,arima,0
CFPO-243,Control & Reagent,2027-11-01,Quantity,arima,0
CFPO-243,Control & Reagent,2027-12-01,Quantity,arima,0
CFPO-243,Control & Reagent,2026-10-01,Revenue,arima,0
CFPO-243,Control & Reagent,2026-11-01,Revenue,arima,0
CFPO-243,Control & Reagent,2026-12-01,Revenue,arima,0
CFPO-243,Control & Reagent,2027-01-01,Revenue,arima,0
CFPO-243,Control & Reagent,2027-02-01,Revenue,arima,0
CFPO-243,Control & Reagent,2027-03-01,Revenue,arima,0
CFPO-243,Control & Reagent,2027-04-01,Revenue,arima,0
CFPO-243,Control & Reagent,2027-05-01,Revenue,arima,0
CFPO-243,Control & Reagent,2027-06-01,Revenue,arima,0
CFPO-243,Control & Reagent,2027-07-01,Revenue,arima,0
CFPO-243,Control & Reagent,2027-08-01,Revenue,arima,0
CFPO-243,Control & Reagent,2027-09-01,Revenue,arima,0
CFPO-243,Control & Reagent,2027-10-01,Revenue,arima,0
CFPO-243,Control & Reagent,2027-11-01,Revenue,arima,0
CFPO-243,Control & Reagent,2027-12-01,Revenue,arima,0
CFPO-245,Control & Reagent,2026-10-01,Quantity,arima,0.1428571428571429
CFPO-245,Control & Reagent,2026-11-01,Quantity,arima,0.1428571428571429
CFPO-245,Control & Reagent,2026-12-01,Quantity,arima,0.1428571428571429
CFPO-245,Control & Reagent,2027-01-01,Quantity,arima,0.1428571428571429
CFPO-245,Control & Reagent,2027-02-01,Quantity,arima,0.1428571428571429
CFPO-245,Control & Reagent,2027-03-01,Quantity,arima,0.1428571428571429
CFPO-245,Control & Reagent,2027-04-01,Quantity,arima,0.1428571428571429
CFPO-245,Control & Reagent,2027-05-01,Quantity,arima,0.1428571428571429
CFPO-245,Control & Reagent,2027-06-01,Quantity,arima,0.1428571428571429
CFPO-245,Control & Reagent,2027-07-01,Quantity,arima,0.1428571428571429
CFPO-245,Control & Reagent,2027-08-01,Quantity,arima,0.1428571428571429
CFPO-245,Control & Reagent,2027-09-01,Quantity,arima,0.1428571428571429
CFPO-245,Control & Reagent,2027-10-01,Quantity,arima,0.1428571428571429
CFPO-245,Control & Reagent,2027-11-01,Quantity,arima,0.1428571428571429
CFPO-245,Control & Reagent,2027-12-01,Quantity,arima,0.1428571428571429
CFPO-245,Control & Reagent,2026-10-01,Revenue,arima,0
CFPO-245,Control & Reagent,2026-11-01,Revenue,arima,0
CFPO-245,Control & Reagent,2026-12-01,Revenue,arima,0
CFPO-245,Control & Reagent,2027-01-01,Revenue,arima,0
CFPO-245,Control & Reagent,2027-02-01,Revenue,arima,0
CFPO-245,Control & Reagent,2027-03-01,Revenue,arima,0
CFPO-245,Control & Reagent,2027-04-01,Revenue,arima,0
CFPO-245,Control & Reagent,2027-05-01,Revenue,arima,0
CFPO-245,Control & Reagent,2027-06-01,Revenue,arima,0
CFPO-245,Control & Reagent,2027-07-01,Revenue,arima,0
CFPO-245,Control & Reagent,2027-08-01,Revenue,arima,0
CFPO-245,Control & Reagent,2027-09-01,Revenue,arima,0
CFPO-245,Control & Reagent,2027-10-01,Revenue,arima,0
CFPO-245,Control & Reagent,2027-11-01,Revenue,arima,0
CFPO-245,Control & Reagent,2027-12-01,Revenue,arima,0
CFPO-294,Control & Reagent,2026-10-01,Quantity,arima,0
CFPO-294,Control & Reagent,2026-11-01,Quantity,arima,0
CFPO-294,Control & Reagent,2026-12-01,Quantity,arima,0
CFPO-294,Control & Reagent,2027-01-01,Quantity,arima,0
CFPO-294,Control & Reagent,2027-02-01,Quantity,arima,0
CFPO-294,Control & Reagent,2027-03-01,Quantity,arima,0
CFPO-294,Control & Reagent,2027-04-01,Quantity,arima,0
CFPO-294,Control & Reagent,2027-05-01,Quantity,arima,0
CFPO-294,Control & Reagent,2027-06-01,Quantity,arima,0
CFPO-294,Control & Reagent,2027-07-01,Quantity,arima,0
CFPO-294,Control & Reagent,2027-08-01,Quantity,arima,0
CFPO-294,Control & Reagent,2027-09-01,Quantity,arima,0
CFPO-294,Control & Reagent,2027-10-01,Quantity,arima,0
CFPO-294,Control & Reagent,2027-11-01,Quantity,arima,0
CFPO-294,Control & Reagent,2027-12-01,Quantity,arima,0
CFPO-294,Control & Reagent,2026-10-01,Revenue,arima,0
CFPO-294,Control & Reagent,2026-11-01,Revenue,arima,0
CFPO-294,Control & Reagent,2026-12-01,Revenue,arima,0
CFPO-294,Control & Reagent,2027-01-01,Revenue,arima,0
CFPO-294,Control & Reagent,2027-02-01,Revenue,arima,0
CFPO-294,Control & Reagent,2027-03-01,Revenue,arima,0
CFPO-294,Control & Reagent,2027-04-01,Revenue,arima,0
CFPO-294,Control & Reagent,2027-05-01,Revenue,arima,0
CFPO-294,Control & Reagent,2027-06-01,Revenue,arima,0
CFPO-294,Control & Reagent,2027-07-01,Revenue,arima,0
CFPO-294,Control & Reagent,2027-08-01,Revenue,arima,0
CFPO-294,Control & Reagent,2027-09-01,Revenue,arima,0
CFPO-294,Control & Reagent,2027-10-01,Revenue,arima,0
CFPO-294,Control & Reagent,2027-11-01,Revenue,arima,0
CFPO-294,Control & Reagent,2027-12-01,Revenue,arima,0
CFPO-299,Control & Reagent,2026-10-01,Quantity,arima,0.1973524381495747
CFPO-299,Control & Reagent,2026-11-01,Quantity,arima,0.09761448435582686
CFPO-299,Control & Reagent,2026-12-01,Quantity,arima,0.09761448435582686
CFPO-299,Control & Reagent,2027-01-01,Quantity,arima,0.09761448435582686
CFPO-299,Control & Reagent,2027-02-01,Quantity,arima,0.09761448435582686
CFPO-299,Control & Reagent,2027-03-01,Quantity,arima,0.09761448435582686
CFPO-299,Control & Reagent,2027-04-01,Quantity,arima,0.09761448435582686
CFPO-299,Control & Reagent,2027-05-01,Quantity,arima,0.09761448435582686
CFPO-299,Control & Reagent,2027-06-01,Quantity,arima,0.09761448435582686
CFPO-299,Control & Reagent,2027-07-01,Quantity,arima,0.09761448435582686
CFPO-299,Control & Reagent,2027-08-01,Quantity,arima,0.09761448435582686
CFPO-299,Control & Reagent,2027-09-01,Quantity,arima,0.09761448435582686
CFPO-299,Control & Reagent,2027-10-01,Quantity,arima,0.09761448435582686
CFPO-299,Control & Reagent,2027-11-01,Quantity,arima,0.09761448435582686
CFPO-299,Control & Reagent,2027-12-01,Quantity,arima,0.09761448435582686
CFPO-299,Control & Reagent,2026-10-01,Revenue,arima,4.212833405946106
CFPO-299,Control & Reagent,2026-11-01,Revenue,arima,0
CFPO-299,Control & Reagent,2026-12-01,Revenue,arima,0
CFPO-299,Control & Reagent,2027-01-01,Revenue,arima,0
CFPO-299,Control & Reagent,2027-02-01,Revenue,arima,0
CFPO-299,Control & Reagent,2027-03-01,Revenue,arima,0
CFPO-299,Control & Reagent,2027-04-01,Revenue,arima,0
CFPO-299,Control & Reagent,2027-05-01,Revenue,arima,0
CFPO-299,Control & Reagent,2027-06-01,Revenue,arima,0
CFPO-299,Control & Reagent,2027-07-01,Revenue,arima,0
CFPO-299,Control & Reagent,2027-08-01,Revenue,arima,0
CFPO-299,Control & Reagent,2027-09-01,Revenue,arima,0
CFPO-299,Control & Reagent,2027-10-01,Revenue,arima,0
CFPO-299,Control & Reagent,2027-11-01,Revenue,arima,0
CFPO-299,Control & Reagent,2027-12-01,Revenue,arima,0
CFPO-300,Control & Reagent,2026-10-01,Quantity,arima,0
CFPO-300,Control & Reagent,2026-11-01,Quantity,arima,0
CFPO-300,Control & Reagent,2026-12-01,Quantity,arima,0
CFPO-300,Control & Reagent,2027-01-01,Quantity,arima,0
CFPO-300,Control & Reagent,2027-02-01,Quantity,arima,0
CFPO-300,Control & Reagent,2027-03-01,Quantity,arima,0
CFPO-300,Control & Reagent,2027-04-01,Quantity,arima,0
CFPO-300,Control & Reagent,2027-05-01,Quantity,arima,0
CFPO-300,Control & Reagent,2027-06-01,Quantity,arima,0
CFPO-300,Control & Reagent,2027-07-01,Quantity,arima,0
CFPO-300,Control & Reagent,2027-08-01,Quantity,arima,0
CFPO-300,Control & Reagent,2027-09-01,Quantity,arima,0
CFPO-300,Control & Reagent,2027-10-01,Quantity,arima,0
CFPO-300,Control & Reagent,2027-11-01,Quantity,arima,0
CFPO-300,Control & Reagent,2027-12-01,Quantity,arima,0
CFPO-300,Control & Reagent,2026-10-01,Revenue,arima,0
CFPO-300,Control & Reagent,2026-11-01,Revenue,arima,0
CFPO-300,Control & Reagent,2026-12-01,Revenue,arima,0
CFPO-300,Control & Reagent,2027-01-01,Revenue,arima,0
CFPO-300,Control & Reagent,2027-02-01,Revenue,arima,0
CFPO-300,Control & Reagent,2027-03-01,Revenue,arima,0
CFPO-300,Control & Reagent,2027-04-01,Revenue,arima,0
CFPO-300,Control & Reagent,2027-05-01,Revenue,arima,0
CFPO-300,Control & Reagent,2027-06-01,Revenue,arima,0
CFPO-300,Control & Reagent,2027-07-01,Revenue,arima,0
CFPO-300,Control & Reagent,2027-08-01,Revenue,arima,0
CFPO-300,Control & Reagent,2027-09-01,Revenue,arima,0
CFPO-300,Control & Reagent,2027-10-01,Revenue,arima,0
CFPO-300,Control & Reagent,2027-11-01,Revenue,arima,0
CFPO-300,Control & Reagent,2027-12-01,Revenue,arima,0
CFPO-306,Control & Reagent,2026-10-01,Quantity,arima,0
CFPO-306,Control & Reagent,2026-11-01,Quantity,arima,0
CFPO-306,Control & Reagent,2026-12-01,Quantity,arima,0
CFPO-306,Control & Reagent,2027-01-01,Quantity,arima,0
CFPO-306,Control & Reagent,2027-02-01,Quantity,arima,0
CFPO-306,Control & Reagent,2027-03-01,Quantity,arima,0
CFPO-306,Control & Reagent,2027-04-01,Quantity,arima,0
CFPO-306,Control & Reagent,2027-05-01,Quantity,arima,0
CFPO-306,Control & Reagent,2027-06-01,Quantity,arima,0
CFPO-306,Control & Reagent,2027-07-01,Quantity,arima,0
CFPO-306,Control & Reagent,2027-08-01,Quantity,arima,0
CFPO-306,Control & Reagent,2027-09-01,Quantity,arima,0
CFPO-306,Control & Reagent,2027-10-01,Quantity,arima,0
CFPO-306,Control & Reagent,2027-11-01,Quantity,arima,0
CFPO-306,Control & Reagent,2027-12-01,Quantity,arima,0
CFPO-306,Control & Reagent,2026-10-01,Revenue,arima,0
CFPO-306,Control & Reagent,2026-11-01,Revenue,arima,0
CFPO-306,Control & Reagent,2026-12-01,Revenue,arima,0
CFPO-306,Control & Reagent,2027-01-01,Revenue,arima,0
CFPO-306,Control & Reagent,2027-02-01,Revenue,arima,0
CFPO-306,Control & Reagent,2027-03-01,Revenue,arima,0
CFPO-306,Control & Reagent,2027-04-01,Revenue,arima,0
CFPO-306,Control & Reagent,2027-05-01,Revenue,arima,0
CFPO-306,Control & Reagent,2027-06-01,Revenue,arima,0
CFPO-306,Control & Reagent,2027-07-01,Revenue,arima,0
CFPO-306,Control & Reagent,2027-08-01,Revenue,arima,0
CFPO-306,Control & Reagent,2027-09-01,Revenue,arima,0
CFPO-306,Control & Reagent,2027-10-01,Revenue,arima,0
CFPO-306,Control & Reagent,2027-11-01,Revenue,arima,0
CFPO-306,Control & Reagent,2027-12-01,Revenue,arima,0
CFPO-366,Control & Reagent,2026-10-01,Quantity,arima,0
CFPO-366,Control & Reagent,2026-11-01,Quantity,arima,0
CFPO-366,Control & Reagent,2026-12-01,Quantity,arima,0
CFPO-366,Control & Reagent,2027-01-01,Quantity,arima,0
CFPO-366,Control & Reagent,2027-02-01,Quantity,arima,0
CFPO-366,Control & Reagent,2027-03-01,Quantity,arima,0
CFPO-366,Control & Reagent,2027-04-01,Quantity,arima,0
CFPO-366,Control & Reagent,2027-05-01,Quantity,arima,0
CFPO-366,Control & Reagent,2027-06-01,Quantity,arima,0
CFPO-366,Control & Reagent,2027-07-01,Quantity,arima,0
CFPO-366,Control & Reagent,2027-08-01,Quantity,arima,0
CFPO-366,Control & Reagent,2027-09-01,Quantity,arima,0
CFPO-366,Control & Reagent,2027-10-01,Quantity,arima,0
CFPO-366,Control & Reagent,2027-11-01,Quantity,arima,0
CFPO-366,Control & Reagent,2027-12-01,Quantity,arima,0
CFPO-366,Control & Reagent,2026-10-01,Revenue,arima,0
CFPO-366,Control & Reagent,2026-11-01,Revenue,arima,0
CFPO-366,Control & Reagent,2026-12-01,Revenue,arima,0
CFPO-366,Control & Reagent,2027-01-01,Revenue,arima,0
CFPO-366,Control & Reagent,2027-02-01,Revenue,arima,0
CFPO-366,Control & Reagent,2027-03-01,Revenue,arima,0
CFPO-366,Control & Reagent,2027-04-01,Revenue,arima,0
CFPO-366,Control & Reagent,2027-05-01,Revenue,arima,0
CFPO-366,Control & Reagent,2027-06-01,Revenue,arima,0
CFPO-366,Control & Reagent,2027-07-01,Revenue,arima,0
CFPO-366,Control & Reagent,2027-08-01,Revenue,arima,0
CFPO-366,Control & Reagent,2027-09-01,Revenue,arima,0
CFPO-366,Control & Reagent,2027-10-01,Revenue,arima,0
CFPO-366,Control & Reagent,2027-11-01,Revenue,arima,0
CFPO-366,Control & Reagent,2027-12-01,Revenue,arima,0
CFPO-374,Control & Reagent,2026-10-01,Quantity,arima,0
CFPO-374,Control & Reagent,2026-11-01,Quantity,arima,0
CFPO-374,Control & Reagent,2026-12-01,Quantity,arima,0
CFPO-374,Control & Reagent,2027-01-01,Quantity,arima,0
CFPO-374,Control & Reagent,2027-02-01,Quantity,arima,0
CFPO-374,Control & Reagent,2027-03-01,Quantity,arima,0
CFPO-374,Control & Reagent,2027-04-01,Quantity,arima,0
CFPO-374,Control & Reagent,2027-05-01,Quantity,arima,0
CFPO-374,Control & Reagent,2027-06-01,Quantity,arima,0
CFPO-374,Control & Reagent,2027-07-01,Quantity,arima,0
CFPO-374,Control & Reagent,2027-08-01,Quantity,arima,0
CFPO-374,Control & Reagent,2027-09-01,Quantity,arima,0
CFPO-374,Control & Reagent,2027-10-01,Quantity,arima,0
CFPO-374,Control & Reagent,2027-11-01,Quantity,arima,0
CFPO-374,Control & Reagent,2027-12-01,Quantity,arima,0
CFPO-374,Control & Reagent,2026-10-01,Revenue,arima,0
CFPO-374,Control & Reagent,2026-11-01,Revenue,arima,0
CFPO-374,Control & Reagent,2026-12-01,Revenue,arima,0
CFPO-374,Control & Reagent,2027-01-01,Revenue,arima,0
CFPO-374,Control & Reagent,2027-02-01,Revenue,arima,0
CFPO-374,Control & Reagent,2027-03-01,Revenue,arima,0
CFPO-374,Control & Reagent,2027-04-01,Revenue,arima,0
CFPO-374,Control & Reagent,2027-05-01,Revenue,arima,0
CFPO-374,Control & Reagent,2027-06-01,Revenue,arima,0
CFPO-374,Control & Reagent,2027-07-01,Revenue,arima,0
CFPO-374,Control & Reagent,2027-08-01,Revenue,arima,0
CFPO-374,Control & Reagent,2027-09-01,Revenue,arima,0
CFPO-374,Control & Reagent,2027-10-01,Revenue,arima,0
CFPO-374,Control & Reagent,2027-11-01,Revenue,arima,0
CFPO-374,Control & Reagent,2027-12-01,Revenue,arima,0
CFPO-97,Control & Reagent,2026-10-01,Quantity,arima,0
CFPO-97,Control & Reagent,2026-11-01,Quantity,arima,0
CFPO-97,Control & Reagent,2026-12-01,Quantity,arima,0
CFPO-97,Control & Reagent,2027-01-01,Quantity,arima,0
CFPO-97,Control & Reagent,2027-02-01,Quantity,arima,0
CFPO-97,Control & Reagent,2027-03-01,Quantity,arima,0
CFPO-97,Control & Reagent,2027-04-01,Quantity,arima,0
CFPO-97,Control & Reagent,2027-05-01,Quantity,arima,0
CFPO-97,Control & Reagent,2027-06-01,Quantity,arima,0
CFPO-97,Control & Reagent,2027-07-01,Quantity,arima,0
CFPO-97,Control & Reagent,2027-08-01,Quantity,arima,0
CFPO-97,Control & Reagent,2027-09-01,Quantity,arima,0
CFPO-97,Control & Reagent,2027-10-01,Quantity,arima,0
CFPO-97,Control & Reagent,2027-11-01,Quantity,arima,0
CFPO-97,Control & Reagent,2027-12-01,Quantity,arima,0
CFPO-97,Control & Reagent,2026-10-01,Revenue,arima,0
CFPO-97,Control & Reagent,2026-11-01,Revenue,arima,0
CFPO-97,Control & Reagent,2026-12-01,Revenue,arima,0
CFPO-97,Control & Reagent,2027-01-01,Revenue,arima,0
CFPO-97,Control & Reagent,2027-02-01,Revenue,arima,0
CFPO-97,Control & Reagent,2027-03-01,Revenue,arima,0
CFPO-97,Control & Reagent,2027-04-01,Revenue,arima,0
CFPO-97,Control & Reagent,2027-05-01,Revenue,arima,0
CFPO-97,Control & Reagent,2027-06-01,Revenue,arima,0
CFPO-97,Control & Reagent,2027-07-01,Revenue,arima,0
CFPO-97,Control & Reagent,2027-08-01,Revenue,arima,0
CFPO-97,Control & Reagent,2027-09-01,Revenue,arima,0
CFPO-97,Control & Reagent,2027-10-01,Revenue,arima,0
CFPO-97,Control & Reagent,2027-11-01,Revenue,arima,0
CFPO-97,Control & Reagent,2027-12-01,Revenue,arima,0
CMRT149,Other,2026-10-01,Quantity,arima,0
CMRT149,Other,2026-11-01,Quantity,arima,0
CMRT149,Other,2026-12-01,Quantity,arima,0
CMRT149,Other,2027-01-01,Quantity,arima,0
CMRT149,Other,2027-02-01,Quantity,arima,0
CMRT149,Other,2027-03-01,Quantity,arima,0
CMRT149,Other,2027-04-01,Quantity,arima,0
CMRT149,Other,2027-05-01,Quantity,arima,0
CMRT149,Other,2027-06-01,Quantity,arima,0
CMRT149,Other,2027-07-01,Quantity,arima,0
CMRT149,Other,2027-08-01,Quantity,arima,0
CMRT149,Other,2027-09-01,Quantity,arima,0
CMRT149,Other,2027-10-01,Quantity,arima,0
CMRT149,Other,2027-11-01,Quantity,arima,0
CMRT149,Other,2027-12-01,Quantity,arima,0
CMRT149,Other,2026-10-01,Revenue,arima,0
CMRT149,Other,2026-11-01,Revenue,arima,0
CMRT149,Other,2026-12-01,Revenue,arima,0
CMRT149,Other,2027-01-01,Revenue,arima,0
CMRT149,Other,2027-02-01,Revenue,arima,0
CMRT149,Other,2027-03-01,Revenue,arima,0
CMRT149,Other,2027-04-01,Revenue,arima,0
CMRT149,Other,2027-05-01,Revenue,arima,0
CMRT149,Other,2027-06-01,Revenue,arima,0
CMRT149,Other,2027-07-01,Revenue,arima,0
CMRT149,Other,2027-08-01,Revenue,arima,0
CMRT149,Other,2027-09-01,Revenue,arima,0
CMRT149,Other,2027-10-01,Revenue,arima,0
CMRT149,Other,2027-11-01,Revenue,arima,0
CMRT149,Other,2027-12-01,Revenue,arima,0
FPRR019,Machine,2026-10-01,Quantity,arima,0
FPRR019,Machine,2026-11-01,Quantity,arima,0
FPRR019,Machine,2026-12-01,Quantity,arima,0
FPRR019,Machine,2027-01-01,Quantity,arima,0
FPRR019,Machine,2027-02-01,Quantity,arima,0
FPRR019,Machine,2027-03-01,Quantity,arima,0
FPRR019,Machine,2027-04-01,Quantity,arima,0
FPRR019,Machine,2027-05-01,Quantity,arima,0
FPRR019,Machine,2027-06-01,Quantity,arima,0
FPRR019,Machine,2027-07-01,Quantity,arima,0
FPRR019,Machine,2027-08-01,Quantity,arima,0
FPRR019,Machine,2027-09-01,Quantity,arima,0
FPRR019,Machine,2027-10-01,Quantity,arima,0
FPRR019,Machine,2027-11-01,Quantity,arima,0
FPRR019,Machine,2027-12-01,Quantity,arima,0
FPRR019,Machine,2026-10-01,Revenue,arima,0
FPRR019,Machine,2026-11-01,Revenue,arima,0
FPRR019,Machine,2026-12-01,Revenue,arima,0
FPRR019,Machine,2027-01-01,Revenue,arima,0
FPRR019,Machine,2027-02-01,Revenue,arima,0
FPRR019,Machine,2027-03-01,Revenue,arima,0
FPRR019,Machine,2027-04-01,Revenue,arima,0
FPRR019,Machine,2027-05-01,Revenue,arima,0
FPRR019,Machine,2027-06-01,Revenue,arima,0
FPRR019,Machine,2027-07-01,Revenue,arima,0
FPRR019,Machine,2027-08-01,Revenue,arima,0
FPRR019,Machine,2027-09-01,Revenue,arima,0
FPRR019,Machine,2027-10-01,Revenue,arima,0
FPRR019,Machine,2027-11-01,Revenue,arima,0
FPRR019,Machine,2027-12-01,Revenue,arima,0
FPRR040,Machine,2026-10-01,Quantity,arima,0
FPRR040,Machine,2026-11-01,Quantity,arima,0
FPRR040,Machine,2026-12-01,Quantity,arima,0
FPRR040,Machine,2027-01-01,Quantity,arima,0
FPRR040,Machine,2027-02-01,Quantity,arima,0
FPRR040,Machine,2027-03-01,Quantity,arima,0
FPRR040,Machine,2027-04-01,Quantity,arima,0
FPRR040,Machine,2027-05-01,Quantity,arima,0
FPRR040,Machine,2027-06-01,Quantity,arima,0
FPRR040,Machine,2027-07-01,Quantity,arima,0
FPRR040,Machine,2027-08-01,Quantity,arima,0
FPRR040,Machine,2027-09-01,Quantity,arima,0
FPRR040,Machine,2027-10-01,Quantity,arima,0
FPRR040,Machine,2027-11-01,Quantity,arima,0
FPRR040,Machine,2027-12-01,Quantity,arima,0
FPRR040,Machine,2026-10-01,Revenue,arima,0
FPRR040,Machine,2026-11-01,Revenue,arima,0
FPRR040,Machine,2026-12-01,Revenue,arima,0
FPRR040,Machine,2027-01-01,Revenue,arima,0
FPRR040,Machine,2027-02-01,Revenue,arima,0
FPRR040,Machine,2027-03-01,Revenue,arima,0
FPRR040,Machine,2027-04-01,Revenue,arima,0
FPRR040,Machine,2027-05-01,Revenue,arima,0
FPRR040,Machine,2027-06-01,Revenue,arima,0
FPRR040,Machine,2027-07-01,Revenue,arima,0
FPRR040,Machine,2027-08-01,Revenue,arima,0
FPRR040,Machine,2027-09-01,Revenue,arima,0
FPRR040,Machine,2027-10-01,Revenue,arima,0
FPRR040,Machine,2027-11-01,Revenue,arima,0
FPRR040,Machine,2027-12-01,Revenue,arima,0
ISO-SERVICE,Control & Reagent,2026-10-01,Quantity,arima,0
ISO-SERVICE,Control & Reagent,2026-11-01,Quantity,arima,0
ISO-SERVICE,Control & Reagent,2026-12-01,Quantity,arima,0
ISO-SERVICE,Control & Reagent,2027-01-01,Quantity,arima,0
ISO-SERVICE,Control & Reagent,2027-02-01,Quantity,arima,0
ISO-SERVICE,Control & Reagent,2027-03-01,Quantity,arima,0
ISO-SERVICE,Control & Reagent,2027-04-01,Quantity,arima,0
ISO-SERVICE,Control & Reagent,2027-05-01,Quantity,arima,0
ISO-SERVICE,Control & Reagent,2027-06-01,Quantity,arima,0
ISO-SERVICE,Control & Reagent,2027-07-01,Quantity,arima,0
ISO-SERVICE,Control & Reagent,2027-08-01,Quantity,arima,0
ISO-SERVICE,Control & Reagent,2027-09-01,Quantity,arima,0
ISO-SERVICE,Control & Reagent,2027-10-01,Quantity,arima,0
ISO-SERVICE,Control & Reagent,2027-11-01,Quantity,arima,0
ISO-SERVICE,Control & Reagent,2027-12-01,Quantity,arima,0
ISO-SERVICE,Control & Reagent,2026-10-01,Revenue,arima,0
ISO-SERVICE,Control & Reagent,2026-11-01,Revenue,arima,0
ISO-SERVICE,Control & Reagent,2026-12-01,Revenue,arima,0
ISO-SERVICE,Control & Reagent,2027-01-01,Revenue,arima,0
ISO-SERVICE,Control & Reagent,2027-02-01,Revenue,arima,0
ISO-SERVICE,Control & Reagent,2027-03-01,Revenue,arima,0
ISO-SERVICE,Control & Reagent,2027-04-01,Revenue,arima,0
ISO-SERVICE,Control & Reagent,2027-05-01,Revenue,arima,0
ISO-SERVICE,Control & Reagent,2027-06-01,Revenue,arima,0
ISO-SERVICE,Control & Reagent,2027-07-01,Revenue,arima,0
ISO-SERVICE,Control & Reagent,2027-08-01,Revenue,arima,0
ISO-SERVICE,Control & Reagent,2027-09-01,Revenue,arima,0
ISO-SERVICE,Control & Reagent,2027-10-01,Revenue,arima,0
ISO-SERVICE,Control & Reagent,2027-11-01,Revenue,arima,0
ISO-SERVICE,Control & Reagent,2027-12-01,Revenue,arima,0
SMFP-102,Control & Reagent,2026-10-01,Quantity,arima,0.23809523809523814
SMFP-102,Control & Reagent,2026-11-01,Quantity,arima,0.23809523809523814
SMFP-102,Control & Reagent,2026-12-01,Quantity,arima,0.23809523809523814
SMFP-102,Control & Reagent,2027-01-01,Quantity,arima,0.23809523809523814
SMFP-102,Control & Reagent,2027-02-01,Quantity,arima,0.23809523809523814
SMFP-102,Control & Reagent,2027-03-01,Quantity,arima,0.23809523809523814
SMFP-102,Control & Reagent,2027-04-01,Quantity,arima,0.23809523809523814
SMFP-102,Control & Reagent,2027-05-01,Quantity,arima,0.23809523809523814
SMFP-102,Control & Reagent,2027-06-01,Quantity,arima,0.23809523809523814
SMFP-102,Control & Reagent,2027-07-01,Quantity,arima,0.23809523809523814
SMFP-102,Control & Reagent,2027-08-01,Quantity,arima,0.23809523809523814
SMFP-102,Control & Reagent,2027-09-01,Quantity,arima,0.23809523809523814
SMFP-102,Control & Reagent,2027-10-01,Quantity,arima,0.23809523809523814
SMFP-102,Control & Reagent,2027-11-01,Quantity,arima,0.23809523809523814
SMFP-102,Control & Reagent,2027-12-01,Quantity,arima,0.23809523809523814
SMFP-102,Control & Reagent,2026-10-01,Revenue,arima,0
SMFP-102,Control & Reagent,2026-11-01,Revenue,arima,0
SMFP-102,Control & Reagent,2026-12-01,Revenue,arima,0
SMFP-102,Control & Reagent,2027-01-01,Revenue,arima,0
SMFP-102,Control & Reagent,2027-02-01,Revenue,arima,0
SMFP-102,Control & Reagent,2027-03-01,Revenue,arima,0
SMFP-102,Control & Reagent,2027-04-01,Revenue,arima,0
SMFP-102,Control & Reagent,2027-05-01,Revenue,arima,0
SMFP-102,Control & Reagent,2027-06-01,Revenue,arima,0
SMFP-102,Control & Reagent,2027-07-01,Revenue,arima,0
SMFP-102,Control & Reagent,2027-08-01,Revenue,arima,0
SMFP-102,Control & Reagent,2027-09-01,Revenue,arima,0
SMFP-102,Control & Reagent,2027-10-01,Revenue,arima,0
SMFP-102,Control & Reagent,2027-11-01,Revenue,arima,0
SMFP-102,Control & Reagent,2027-12-01,Revenue,arima,0
SMFP-108,Control & Reagent,2026-10-01,Quantity,arima,3.2380952380961427
SMFP-108,Control & Reagent,2026-11-01,Quantity,arima,3.2380952380961427
SMFP-108,Control & Reagent,2026-12-01,Quantity,arima,3.2380952380961427
SMFP-108,Control & Reagent,2027-01-01,Quantity,arima,3.2380952380961427
SMFP-108,Control & Reagent,2027-02-01,Quantity,arima,3.2380952380961427
SMFP-108,Control & Reagent,2027-03-01,Quantity,arima,3.2380952380961427
SMFP-108,Control & Reagent,2027-04-01,Quantity,arima,3.2380952380961427
SMFP-108,Control & Reagent,2027-05-01,Quantity,arima,3.2380952380961427
SMFP-108,Control & Reagent,2027-06-01,Quantity,arima,3.2380952380961427
SMFP-108,Control & Reagent,2027-07-01,Quantity,arima,3.2380952380961427
SMFP-108,Control & Reagent,2027-08-01,Quantity,arima,3.2380952380961427
SMFP-108,Control & Reagent,2027-09-01,Quantity,arima,3.2380952380961427
SMFP-108,Control & Reagent,2027-10-01,Quantity,arima,3.2380952380961427
SMFP-108,Control & Reagent,2027-11-01,Quantity,arima,3.2380952380961427
SMFP-108,Control & Reagent,2027-12-01,Quantity,arima,3.2380952380961427
SMFP-108,Control & Reagent,2026-10-01,Revenue,arima,2649.0476190476193
SMFP-108,Control & Reagent,2026-11-01,Revenue,arima,2649.0476190476193
SMFP-108,Control & Reagent,2026-12-01,Revenue,arima,2649.0476190476193
SMFP-108,Control & Reagent,2027-01-01,Revenue,arima,2649.0476190476193
SMFP-108,Control & Reagent,2027-02-01,Revenue,arima,2649.0476190476193
SMFP-108,Control & Reagent,2027-03-01,Revenue,arima,2649.0476190476193
SMFP-108,Control & Reagent,2027-04-01,Revenue,arima,2649.0476190476193
SMFP-108,Control & Reagent,2027-05-01,Revenue,arima,2649.0476190476193
SMFP-108,Control & Reagent,2027-06-01,Revenue,arima,2649.0476190476193
SMFP-108,Control & Reagent,2027-07-01,Revenue,arima,2649.0476190476193
SMFP-108,Control & Reagent,2027-08-01,Revenue,arima,2649.0476190476193
SMFP-108,Control & Reagent,2027-09-01,Revenue,arima,2649.0476190476193
SMFP-108,Control & Reagent,2027-10-01,Revenue,arima,2649.0476190476193
SMFP-108,Control & Reagent,2027-11-01,Revenue,arima,2649.0476190476193
SMFP-108,Control & Reagent,2027-12-01,Revenue,arima,2649.0476190476193
SMFP-109,Control & Reagent,2026-10-01,Quantity,arima,0.23809523809520391
SMFP-109,Control & Reagent,2026-11-01,Quantity,arima,0.23809523809520391
SMFP-109,Control & Reagent,2026-12-01,Quantity,arima,0.23809523809520391
SMFP-109,Control & Reagent,2027-01-01,Quantity,arima,0.23809523809520391
SMFP-109,Control & Reagent,2027-02-01,Quantity,arima,0.23809523809520391
SMFP-109,Control & Reagent,2027-03-01,Quantity,arima,0.23809523809520391
SMFP-109,Control & Reagent,2027-04-01,Quantity,arima,0.23809523809520391
SMFP-109,Control & Reagent,2027-05-01,Quantity,arima,0.23809523809520391
SMFP-109,Control & Reagent,2027-06-01,Quantity,arima,0.23809523809520391
SMFP-109,Control & Reagent,2027-07-01,Quantity,arima,0.23809523809520391
SMFP-109,Control & Reagent,2027-08-01,Quantity,arima,0.23809523809520391
SMFP-109,Control & Reagent,2027-09-01,Quantity,arima,0.23809523809520391
SMFP-109,Control & Reagent,2027-10-01,Quantity,arima,0.23809523809520391
SMFP-109,Control & Reagent,2027-11-01,Quantity,arima,0.23809523809520391
SMFP-109,Control & Reagent,2027-12-01,Quantity,arima,0.23809523809520391
SMFP-109,Control & Reagent,2026-10-01,Revenue,arima,0
SMFP-109,Control & Reagent,2026-11-01,Revenue,arima,0
SMFP-109,Control & Reagent,2026-12-01,Revenue,arima,0
SMFP-109,Control & Reagent,2027-01-01,Revenue,arima,0
SMFP-109,Control & Reagent,2027-02-01,Revenue,arima,0
SMFP-109,Control & Reagent,2027-03-01,Revenue,arima,0
SMFP-109,Control & Reagent,2027-04-01,Revenue,arima,0
SMFP-109,Control & Reagent,2027-05-01,Revenue,arima,0
SMFP-109,Control & Reagent,2027-06-01,Revenue,arima,0
SMFP-109,Control & Reagent,2027-07-01,Revenue,arima,0
SMFP-109,Control & Reagent,2027-08-01,Revenue,arima,0
SMFP-109,Control & Reagent,2027-09-01,Revenue,arima,0
SMFP-109,Control & Reagent,2027-10-01,Revenue,arima,0
SMFP-109,Control & Reagent,2027-11-01,Revenue,arima,0
SMFP-109,Control & Reagent,2027-12-01,Revenue,arima,0
SMFP-112,Control & Reagent,2026-10-01,Quantity,arima,2.1904761904749157
SMFP-112,Control & Reagent,2026-11-01,Quantity,arima,2.1904761904749157
SMFP-112,Control & Reagent,2026-12-01,Quantity,arima,2.1904761904749157
SMFP-112,Control & Reagent,2027-01-01,Quantity,arima,2.1904761904749157
SMFP-112,Control & Reagent,2027-02-01,Quantity,arima,2.1904761904749157
SMFP-112,Control & Reagent,2027-03-01,Quantity,arima,2.1904761904749157
SMFP-112,Control & Reagent,2027-04-01,Quantity,arima,2.1904761904749157
SMFP-112,Control & Reagent,2027-05-01,Quantity,arima,2.1904761904749157
SMFP-112,Control & Reagent,2027-06-01,Quantity,arima,2.1904761904749157
SMFP-112,Control & Reagent,2027-07-01,Quantity,arima,2.1904761904749157
SMFP-112,Control & Reagent,2027-08-01,Quantity,arima,2.1904761904749157
SMFP-112,Control & Reagent,2027-09-01,Quantity,arima,2.1904761904749157
SMFP-112,Control & Reagent,2027-10-01,Quantity,arima,2.1904761904749157
SMFP-112,Control & Reagent,2027-11-01,Quantity,arima,2.1904761904749157
SMFP-112,Control & Reagent,2027-12-01,Quantity,arima,2.1904761904749157
SMFP-112,Control & Reagent,2026-10-01,Revenue,arima,1703.9999999999998
SMFP-112,Control & Reagent,2026-11-01,Revenue,arima,1703.9999999999998
SMFP-112,Control & Reagent,2026-12-01,Revenue,arima,1703.9999999999998
SMFP-112,Control & Reagent,2027-01-01,Revenue,arima,1703.9999999999998
SMFP-112,Control & Reagent,2027-02-01,Revenue,arima,1703.9999999999998
SMFP-112,Control & Reagent,2027-03-01,Revenue,arima,1703.9999999999998
SMFP-112,Control & Reagent,2027-04-01,Revenue,arima,1703.9999999999998
SMFP-112,Control & Reagent,2027-05-01,Revenue,arima,1703.9999999999998
SMFP-112,Control & Reagent,2027-06-01,Revenue,arima,1703.9999999999998
SMFP-112,Control & Reagent,2027-07-01,Revenue,arima,1703.9999999999998
SMFP-112,Control & Reagent,2027-08-01,Revenue,arima,1703.9999999999998
SMFP-112,Control & Reagent,2027-09-01,Revenue,arima,1703.9999999999998
SMFP-112,Control & Reagent,2027-10-01,Revenue,arima,1703.9999999999998
SMFP-112,Control & Reagent,2027-11-01,Revenue,arima,1703.9999999999998
SMFP-112,Control & Reagent,2027-12-01,Revenue,arima,1703.9999999999998
SMFP-119,Control & Reagent,2026-10-01,Quantity,arima,0.9523809523809103
SMFP-119,Control & Reagent,2026-11-01,Quantity,arima,0.9523809523809103
SMFP-119,Control & Reagent,2026-12-01,Quantity,arima,0.9523809523809103
SMFP-119,Control & Reagent,2027-01-01,Quantity,arima,0.9523809523809103
SMFP-119,Control & Reagent,2027-02-01,Quantity,arima,0.9523809523809103
SMFP-119,Control & Reagent,2027-03-01,Quantity,arima,0.9523809523809103
SMFP-119,Control & Reagent,2027-04-01,Quantity,arima,0.9523809523809103
SMFP-119,Control & Reagent,2027-05-01,Quantity,arima,0.9523809523809103
SMFP-119,Control & Reagent,2027-06-01,Quantity,arima,0.9523809523809103
SMFP-119,Control & Reagent,2027-07-01,Quantity,arima,0.9523809523809103
SMFP-119,Control & Reagent,2027-08-01,Quantity,arima,0.9523809523809103
SMFP-119,Control & Reagent,2027-09-01,Quantity,arima,0.9523809523809103
SMFP-119,Control & Reagent,2027-10-01,Quantity,arima,0.9523809523809103
SMFP-119,Control & Reagent,2027-11-01,Quantity,arima,0.9523809523809103
SMFP-119,Control & Reagent,2027-12-01,Quantity,arima,0.9523809523809103
SMFP-119,Control & Reagent,2026-10-01,Revenue,arima,691.4285714285714
SMFP-119,Control & Reagent,2026-11-01,Revenue,arima,691.4285714285714
SMFP-119,Control & Reagent,2026-12-01,Revenue,arima,691.4285714285714
SMFP-119,Control & Reagent,2027-01-01,Revenue,arima,691.4285714285714
SMFP-119,Control & Reagent,2027-02-01,Revenue,arima,691.4285714285714
SMFP-119,Control & Reagent,2027-03-01,Revenue,arima,691.4285714285714
SMFP-119,Control & Reagent,2027-04-01,Revenue,arima,691.4285714285714
SMFP-119,Control & Reagent,2027-05-01,Revenue,arima,691.4285714285714
SMFP-119,Control & Reagent,2027-06-01,Revenue,arima,691.4285714285714
SMFP-119,Control & Reagent,2027-07-01,Revenue,arima,691.4285714285714
SMFP-119,Control & Reagent,2027-08-01,Revenue,arima,691.4285714285714
SMFP-119,Control & Reagent,2027-09-01,Revenue,arima,691.4285714285714
SMFP-119,Control & Reagent,2027-10-01,Revenue,arima,691.4285714285714
SMFP-119,Control & Reagent,2027-11-01,Revenue,arima,691.4285714285714
SMFP-119,Control & Reagent,2027-12-01,Revenue,arima,691.4285714285714
SMFP-128,Control & Reagent,2026-10-01,Quantity,arima,6.681889867764114
SMFP-128,Control & Reagent,2026-11-01,Quantity,arima,2.0699080864211847
SMFP-128,Control & Reagent,2026-12-01,Quantity,arima,5.813447022667624
SMFP-128,Control & Reagent,2027-01-01,Quantity,arima,2.774821886747753
SMFP-128,Control & Reagent,2027-02-01,Quantity,arima,5.241269511278677
SMFP-128,Control & Reagent,2027-03-01,Quantity,arima,3.2392575445368017
SMFP-128,Control & Reagent,2027-04-01,Quantity,arima,4.864287760104397
SMFP-128,Control & Reagent,2027-05-01,Quantity,arima,3.5452530862981035
SMFP-128,Control & Reagent,2027-06-01,Quantity,arima,4.6159116217737495
SMFP-128,Control & Reagent,2027-07-01,Quantity,arima,3.746859638266001
SMFP-128,Control & Reagent,2027-08-01,Quantity,arima,4.452267875359285
SMFP-128,Control & Reagent,2027-09-01,Quantity,arima,3.8796890303624743
SMFP-128,Control & Reagent,2027-10-01,Quantity,arima,4.344450450060111
SMFP-128,Control & Reagent,2027-11-01,Quantity,arima,3.9672042784161587
SMFP-128,Control & Reagent,2027-12-01,Quantity,arima,4.273414449889955
SMFP-128,Control & Reagent,2026-10-01,Revenue,arima,4376.4384465735975
SMFP-128,Control & Reagent,2026-11-01,Revenue,arima,1459.1628929059511
SMFP-128,Control & Reagent,2026-12-01,Revenue,arima,3756.5412347970455
SMFP-128,Control & Reagent,2027-01-01,Revenue,arima,1947.3370137028974
SMFP-128,Control & Reagent,2027-02-01,Revenue,arima,3372.100124741248
SMFP-128,Control & Reagent,2027-03-01,Revenue,arima,2250.0875299729073
SMFP-128,Control & Reagent,2027-04-01,Revenue,arima,3133.6816187483414
SMFP-128,Control & Reagent,2027-05-01,Revenue,arima,2437.844052076385
SMFP-128,Control & Reagent,2027-06-01,Revenue,arima,2985.821823026601
SMFP-128,Control & Reagent,2027-07-01,Revenue,arima,2554.2848496899346
SMFP-128,Control & Reagent,2027-08-01,Revenue,arima,2894.123743215945
SMFP-128,Control & Reagent,2027-09-01,Revenue,arima,2626.4978370044687
SMFP-128,Control & Reagent,2027-10-01,Revenue,arima,2837.2554254970055
SMFP-128,Control & Reagent,2027-11-01,Revenue,arima,2671.2821020023434
SMFP-128,Control & Reagent,2027-12-01,Revenue,arima,2801.98745078194
SMFP-129,Control & Reagent,2026-10-01,Quantity,arima,1.6666666666686607
SMFP-129,Control & Reagent,2026-11-01,Quantity,arima,1.6666666666686607
SMFP-129,Control & Reagent,2026-12-01,Quantity,arima,1.6666666666686607
SMFP-129,Control & Reagent,2027-01-01,Quantity,arima,1.6666666666686607
SMFP-129,Control & Reagent,2027-02-01,Quantity,arima,1.6666666666686607
SMFP-129,Control & Reagent,2027-03-01,Quantity,arima,1.6666666666686607
SMFP-129,Control & Reagent,2027-04-01,Quantity,arima,1.6666666666686607
SMFP-129,Control & Reagent,2027-05-01,Quantity,arima,1.6666666666686607
SMFP-129,Control & Reagent,2027-06-01,Quantity,arima,1.6666666666686607
SMFP-129,Control & Reagent,2027-07-01,Quantity,arima,1.6666666666686607
SMFP-129,Control & Reagent,2027-08-01,Quantity,arima,1.6666666666686607
SMFP-129,Control & Reagent,2027-09-01,Quantity,arima,1.6666666666686607
SMFP-129,Control & Reagent,2027-10-01,Quantity,arima,1.6666666666686607
SMFP-129,Control & Reagent,2027-11-01,Quantity,arima,1.6666666666686607
SMFP-129,Control & Reagent,2027-12-01,Quantity,arima,1.6666666666686607
SMFP-129,Control & Reagent,2026-10-01,Revenue,arima,994.2857142857142
SMFP-129,Control & Reagent,2026-11-01,Revenue,arima,994.2857142857142
SMFP-129,Control & Reagent,2026-12-01,Revenue,arima,994.2857142857142
SMFP-129,Control & Reagent,2027-01-01,Revenue,arima,994.2857142857142
SMFP-129,Control & Reagent,2027-02-01,Revenue,arima,994.2857142857142
SMFP-129,Control & Reagent,2027-03-01,Revenue,arima,994.2857142857142
SMFP-129,Control & Reagent,2027-04-01,Revenue,arima,994.2857142857142
SMFP-129,Control & Reagent,2027-05-01,Revenue,arima,994.2857142857142
SMFP-129,Control & Reagent,2027-06-01,Revenue,arima,994.2857142857142
SMFP-129,Control & Reagent,2027-07-01,Revenue,arima,994.2857142857142
SMFP-129,Control & Reagent,2027-08-01,Revenue,arima,994.2857142857142
SMFP-129,Control & Reagent,2027-09-01,Revenue,arima,994.2857142857142
SMFP-129,Control & Reagent,2027-10-01,Revenue,arima,994.2857142857142
SMFP-129,Control & Reagent,2027-11-01,Revenue,arima,994.2857142857142
SMFP-129,Control & Reagent,2027-12-01,Revenue,arima,994.2857142857142
SMFP-149,Control & Reagent,2026-10-01,Quantity,arima,0
SMFP-149,Control & Reagent,2026-11-01,Quantity,arima,0
SMFP-149,Control & Reagent,2026-12-01,Quantity,arima,0
SMFP-149,Control & Reagent,2027-01-01,Quantity,arima,0
SMFP-149,Control & Reagent,2027-02-01,Quantity,arima,0
SMFP-149,Control & Reagent,2027-03-01,Quantity,arima,0
SMFP-149,Control & Reagent,2027-04-01,Quantity,arima,0
SMFP-149,Control & Reagent,2027-05-01,Quantity,arima,0
SMFP-149,Control & Reagent,2027-06-01,Quantity,arima,0
SMFP-149,Control & Reagent,2027-07-01,Quantity,arima,0
SMFP-149,Control & Reagent,2027-08-01,Quantity,arima,0
SMFP-149,Control & Reagent,2027-09-01,Quantity,arima,0
SMFP-149,Control & Reagent,2027-10-01,Quantity,arima,0
SMFP-149,Control & Reagent,2027-11-01,Quantity,arima,0
SMFP-149,Control & Reagent,2027-12-01,Quantity,arima,0
SMFP-149,Control & Reagent,2026-10-01,Revenue,arima,0
SMFP-149,Control & Reagent,2026-11-01,Revenue,arima,0
SMFP-149,Control & Reagent,2026-12-01,Revenue,arima,0
SMFP-149,Control & Reagent,2027-01-01,Revenue,arima,0
SMFP-149,Control & Reagent,2027-02-01,Revenue,arima,0
SMFP-149,Control & Reagent,2027-03-01,Revenue,arima,0
SMFP-149,Control & Reagent,2027-04-01,Revenue,arima,0
SMFP-149,Control & Reagent,2027-05-01,Revenue,arima,0
SMFP-149,Control & Reagent,2027-06-01,Revenue,arima,0
SMFP-149,Control & Reagent,2027-07-01,Revenue,arima,0
SMFP-149,Control & Reagent,2027-08-01,Revenue,arima,0
SMFP-149,Control & Reagent,2027-09-01,Revenue,arima,0
SMFP-149,Control & Reagent,2027-10-01,Revenue,arima,0
SMFP-149,Control & Reagent,2027-11-01,Revenue,arima,0
SMFP-149,Control & Reagent,2027-12-01,Revenue,arima,0
SMFP-161,Control & Reagent,2026-10-01,Quantity,arima,0.4761904761904763
SMFP-161,Control & Reagent,2026-11-01,Quantity,arima,0.4761904761904763
SMFP-161,Control & Reagent,2026-12-01,Quantity,arima,0.4761904761904763
SMFP-161,Control & Reagent,2027-01-01,Quantity,arima,0.4761904761904763
SMFP-161,Control & Reagent,2027-02-01,Quantity,arima,0.4761904761904763
SMFP-161,Control & Reagent,2027-03-01,Quantity,arima,0.4761904761904763
SMFP-161,Control & Reagent,2027-04-01,Quantity,arima,0.4761904761904763
SMFP-161,Control & Reagent,2027-05-01,Quantity,arima,0.4761904761904763
SMFP-161,Control & Reagent,2027-06-01,Quantity,arima,0.4761904761904763
SMFP-161,Control & Reagent,2027-07-01,Quantity,arima,0.4761904761904763
SMFP-161,Control & Reagent,2027-08-01,Quantity,arima,0.4761904761904763
SMFP-161,Control & Reagent,2027-09-01,Quantity,arima,0.4761904761904763
SMFP-161,Control & Reagent,2027-10-01,Quantity,arima,0.4761904761904763
SMFP-161,Control & Reagent,2027-11-01,Quantity,arima,0.4761904761904763
SMFP-161,Control & Reagent,2027-12-01,Quantity,arima,0.4761904761904763
SMFP-161,Control & Reagent,2026-10-01,Revenue,arima,285.7142857142857
SMFP-161,Control & Reagent,2026-11-01,Revenue,arima,285.7142857142857
SMFP-161,Control & Reagent,2026-12-01,Revenue,arima,285.7142857142857
SMFP-161,Control & Reagent,2027-01-01,Revenue,arima,285.7142857142857
SMFP-161,Control & Reagent,2027-02-01,Revenue,arima,285.7142857142857
SMFP-161,Control & Reagent,2027-03-01,Revenue,arima,285.7142857142857
SMFP-161,Control & Reagent,2027-04-01,Revenue,arima,285.7142857142857
SMFP-161,Control & Reagent,2027-05-01,Revenue,arima,285.7142857142857
SMFP-161,Control & Reagent,2027-06-01,Revenue,arima,285.7142857142857
SMFP-161,Control & Reagent,2027-07-01,Revenue,arima,285.7142857142857
SMFP-161,Control & Reagent,2027-08-01,Revenue,arima,285.7142857142857
SMFP-161,Control & Reagent,2027-09-01,Revenue,arima,285.7142857142857
SMFP-161,Control & Reagent,2027-10-01,Revenue,arima,285.7142857142857
SMFP-161,Control & Reagent,2027-11-01,Revenue,arima,285.7142857142857
SMFP-161,Control & Reagent,2027-12-01,Revenue,arima,285.7142857142857
SMFP-2,Control & Reagent,2026-10-01,Quantity,arima,0.6666666666666667
SMFP-2,Control & Reagent,2026-11-01,Quantity,arima,0.6666666666666667
SMFP-2,Control & Reagent,2026-12-01,Quantity,arima,0.6666666666666667
SMFP-2,Control & Reagent,2027-01-01,Quantity,arima,0.6666666666666667
SMFP-2,Control & Reagent,2027-02-01,Quantity,arima,0.6666666666666667
SMFP-2,Control & Reagent,2027-03-01,Quantity,arima,0.6666666666666667
SMFP-2,Control & Reagent,2027-04-01,Quantity,arima,0.6666666666666667
SMFP-2,Control & Reagent,2027-05-01,Quantity,arima,0.6666666666666667
SMFP-2,Control & Reagent,2027-06-01,Quantity,arima,0.6666666666666667
SMFP-2,Control & Reagent,2027-07-01,Quantity,arima,0.6666666666666667
SMFP-2,Control & Reagent,2027-08-01,Quantity,arima,0.6666666666666667
SMFP-2,Control & Reagent,2027-09-01,Quantity,arima,0.6666666666666667
SMFP-2,Control & Reagent,2027-10-01,Quantity,arima,0.6666666666666667
SMFP-2,Control & Reagent,2027-11-01,Quantity,arima,0.6666666666666667
SMFP-2,Control & Reagent,2027-12-01,Quantity,arima,0.6666666666666667
SMFP-2,Control & Reagent,2026-10-01,Revenue,arima,222.85714285714286
SMFP-2,Control & Reagent,2026-11-01,Revenue,arima,222.85714285714286
SMFP-2,Control & Reagent,2026-12-01,Revenue,arima,222.85714285714286
SMFP-2,Control & Reagent,2027-01-01,Revenue,arima,222.85714285714286
SMFP-2,Control & Reagent,2027-02-01,Revenue,arima,222.85714285714286
SMFP-2,Control & Reagent,2027-03-01,Revenue,arima,222.85714285714286
SMFP-2,Control & Reagent,2027-04-01,Revenue,arima,222.85714285714286
SMFP-2,Control & Reagent,2027-05-01,Revenue,arima,222.85714285714286
SMFP-2,Control & Reagent,2027-06-01,Revenue,arima,222.85714285714286
SMFP-2,Control & Reagent,2027-07-01,Revenue,arima,222.85714285714286
SMFP-2,Control & Reagent,2027-08-01,Revenue,arima,222.85714285714286
SMFP-2,Control & Reagent,2027-09-01,Revenue,arima,222.85714285714286
SMFP-2,Control & Reagent,2027-10-01,Revenue,arima,222.85714285714286
SMFP-2,Control & Reagent,2027-11-01,Revenue,arima,222.85714285714286
SMFP-2,Control & Reagent,2027-12-01,Revenue,arima,222.85714285714286
SMFP-22,Control & Reagent,2026-10-01,Quantity,arima,0
SMFP-22,Control & Reagent,2026-11-01,Quantity,arima,0
SMFP-22,Control & Reagent,2026-12-01,Quantity,arima,0
SMFP-22,Control & Reagent,2027-01-01,Quantity,arima,0
SMFP-22,Control & Reagent,2027-02-01,Quantity,arima,0
SMFP-22,Control & Reagent,2027-03-01,Quantity,arima,0
SMFP-22,Control & Reagent,2027-04-01,Quantity,arima,0
SMFP-22,Control & Reagent,2027-05-01,Quantity,arima,0
SMFP-22,Control & Reagent,2027-06-01,Quantity,arima,0
SMFP-22,Control & Reagent,2027-07-01,Quantity,arima,0
SMFP-22,Control & Reagent,2027-08-01,Quantity,arima,0
SMFP-22,Control & Reagent,2027-09-01,Quantity,arima,0
SMFP-22,Control & Reagent,2027-10-01,Quantity,arima,0
SMFP-22,Control & Reagent,2027-11-01,Quantity,arima,0
SMFP-22,Control & Reagent,2027-12-01,Quantity,arima,0
SMFP-22,Control & Reagent,2026-10-01,Revenue,arima,0
SMFP-22,Control & Reagent,2026-11-01,Revenue,arima,0
SMFP-22,Control & Reagent,2026-12-01,Revenue,arima,0
SMFP-22,Control & Reagent,2027-01-01,Revenue,arima,0
SMFP-22,Control & Reagent,2027-02-01,Revenue,arima,0
SMFP-22,Control & Reagent,2027-03-01,Revenue,arima,0
SMFP-22,Control & Reagent,2027-04-01,Revenue,arima,0
SMFP-22,Control & Reagent,2027-05-01,Revenue,arima,0
SMFP-22,Control & Reagent,2027-06-01,Revenue,arima,0
SMFP-22,Control & Reagent,2027-07-01,Revenue,arima,0
SMFP-22,Control & Reagent,2027-08-01,Revenue,arima,0
SMFP-22,Control & Reagent,2027-09-01,Revenue,arima,0
SMFP-22,Control & Reagent,2027-10-01,Revenue,arima,0
SMFP-22,Control & Reagent,2027-11-01,Revenue,arima,0
SMFP-22,Control & Reagent,2027-12-01,Revenue,arima,0
SMFP-29,Control & Reagent,2026-10-01,Quantity,arima,0
SMFP-29,Control & Reagent,2026-11-01,Quantity,arima,0
SMFP-29,Control & Reagent,2026-12-01,Quantity,arima,0
SMFP-29,Control & Reagent,2027-01-01,Quantity,arima,0
SMFP-29,Control & Reagent,2027-02-01,Quantity,arima,0
SMFP-29,Control & Reagent,2027-03-01,Quantity,arima,0
SMFP-29,Control & Reagent,2027-04-01,Quantity,arima,0
SMFP-29,Control & Reagent,2027-05-01,Quantity,arima,0
SMFP-29,Control & Reagent,2027-06-01,Quantity,arima,0
SMFP-29,Control & Reagent,2027-07-01,Quantity,arima,0
SMFP-29,Control & Reagent,2027-08-01,Quantity,arima,0
SMFP-29,Control & Reagent,2027-09-01,Quantity,arima,0
SMFP-29,Control & Reagent,2027-10-01,Quantity,arima,0
SMFP-29,Control & Reagent,2027-11-01,Quantity,arima,0
SMFP-29,Control & Reagent,2027-12-01,Quantity,arima,0
SMFP-29,Control & Reagent,2026-10-01,Revenue,arima,0
SMFP-29,Control & Reagent,2026-11-01,Revenue,arima,0
SMFP-29,Control & Reagent,2026-12-01,Revenue,arima,0
SMFP-29,Control & Reagent,2027-01-01,Revenue,arima,0
SMFP-29,Control & Reagent,2027-02-01,Revenue,arima,0
SMFP-29,Control & Reagent,2027-03-01,Revenue,arima,0
SMFP-29,Control & Reagent,2027-04-01,Revenue,arima,0
SMFP-29,Control & Reagent,2027-05-01,Revenue,arima,0
SMFP-29,Control & Reagent,2027-06-01,Revenue,arima,0
SMFP-29,Control & Reagent,2027-07-01,Revenue,arima,0
SMFP-29,Control & Reagent,2027-08-01,Revenue,arima,0
SMFP-29,Control & Reagent,2027-09-01,Revenue,arima,0
SMFP-29,Control & Reagent,2027-10-01,Revenue,arima,0
SMFP-29,Control & Reagent,2027-11-01,Revenue,arima,0
SMFP-29,Control & Reagent,2027-12-01,Revenue,arima,0
SMFP-3,Control & Reagent,2026-10-01,Quantity,arima,1.2380952380952384
SMFP-3,Control & Reagent,2026-11-01,Quantity,arima,1.2380952380952384
SMFP-3,Control & Reagent,2026-12-01,Quantity,arima,1.2380952380952384
SMFP-3,Control & Reagent,2027-01-01,Quantity,arima,1.2380952380952384
SMFP-3,Control & Reagent,2027-02-01,Quantity,arima,1.2380952380952384
SMFP-3,Control & Reagent,2027-03-01,Quantity,arima,1.2380952380952384
SMFP-3,Control & Reagent,2027-04-01,Quantity,arima,1.2380952380952384
SMFP-3,Control & Reagent,2027-05-01,Quantity,arima,1.2380952380952384
SMFP-3,Control & Reagent,2027-06-01,Quantity,arima,1.2380952380952384
SMFP-3,Control & Reagent,2027-07-01,Quantity,arima,1.2380952380952384
SMFP-3,Control & Reagent,2027-08-01,Quantity,arima,1.2380952380952384
SMFP-3,Control & Reagent,2027-09-01,Quantity,arima,1.2380952380952384
SMFP-3,Control & Reagent,2027-10-01,Quantity,arima,1.2380952380952384
SMFP-3,Control & Reagent,2027-11-01,Quantity,arima,1.2380952380952384
SMFP-3,Control & Reagent,2027-12-01,Quantity,arima,1.2380952380952384
SMFP-3,Control & Reagent,2026-10-01,Revenue,arima,994.2857142857146
SMFP-3,Control & Reagent,2026-11-01,Revenue,arima,994.2857142857146
SMFP-3,Control & Reagent,2026-12-01,Revenue,arima,994.2857142857146
SMFP-3,Control & Reagent,2027-01-01,Revenue,arima,994.2857142857146
SMFP-3,Control & Reagent,2027-02-01,Revenue,arima,994.2857142857146
SMFP-3,Control & Reagent,2027-03-01,Revenue,arima,994.2857142857146
SMFP-3,Control & Reagent,2027-04-01,Revenue,arima,994.2857142857146
SMFP-3,Control & Reagent,2027-05-01,Revenue,arima,994.2857142857146
SMFP-3,Control & Reagent,2027-06-01,Revenue,arima,994.2857142857146
SMFP-3,Control & Reagent,2027-07-01,Revenue,arima,994.2857142857146
SMFP-3,Control & Reagent,2027-08-01,Revenue,arima,994.2857142857146
SMFP-3,Control & Reagent,2027-09-01,Revenue,arima,994.2857142857146
SMFP-3,Control & Reagent,2027-10-01,Revenue,arima,994.2857142857146
SMFP-3,Control & Reagent,2027-11-01,Revenue,arima,994.2857142857146
SMFP-3,Control & Reagent,2027-12-01,Revenue,arima,994.2857142857146
SMFP-30,Control & Reagent,2026-10-01,Quantity,arima,0.2857142857142858
SMFP-30,Control & Reagent,2026-11-01,Quantity,arima,0.2857142857142858
SMFP-30,Control & Reagent,2026-12-01,Quantity,arima,0.2857142857142858
SMFP-30,Control & Reagent,2027-01-01,Quantity,arima,0.2857142857142858
SMFP-30,Control & Reagent,2027-02-01,Quantity,arima,0.2857142857142858
SMFP-30,Control & Reagent,2027-03-01,Quantity,arima,0.2857142857142858
SMFP-30,Control & Reagent,2027-04-01,Quantity,arima,0.2857142857142858
SMFP-30,Control & Reagent,2027-05-01,Quantity,arima,0.2857142857142858
SMFP-30,Control & Reagent,2027-06-01,Quantity,arima,0.2857142857142858
SMFP-30,Control & Reagent,2027-07-01,Quantity,arima,0.2857142857142858
SMFP-30,Control & Reagent,2027-08-01,Quantity,arima,0.2857142857142858
SMFP-30,Control & Reagent,2027-09-01,Quantity,arima,0.2857142857142858
SMFP-30,Control & Reagent,2027-10-01,Quantity,arima,0.2857142857142858
SMFP-30,Control & Reagent,2027-11-01,Quantity,arima,0.2857142857142858
SMFP-30,Control & Reagent,2027-12-01,Quantity,arima,0.2857142857142858
SMFP-30,Control & Reagent,2026-10-01,Revenue,arima,137.14285714285714
SMFP-30,Control & Reagent,2026-11-01,Revenue,arima,137.14285714285714
SMFP-30,Control & Reagent,2026-12-01,Revenue,arima,137.14285714285714
SMFP-30,Control & Reagent,2027-01-01,Revenue,arima,137.14285714285714
SMFP-30,Control & Reagent,2027-02-01,Revenue,arima,137.14285714285714
SMFP-30,Control & Reagent,2027-03-01,Revenue,arima,137.14285714285714
SMFP-30,Control & Reagent,2027-04-01,Revenue,arima,137.14285714285714
SMFP-30,Control & Reagent,2027-05-01,Revenue,arima,137.14285714285714
SMFP-30,Control & Reagent,2027-06-01,Revenue,arima,137.14285714285714
SMFP-30,Control & Reagent,2027-07-01,Revenue,arima,137.14285714285714
SMFP-30,Control & Reagent,2027-08-01,Revenue,arima,137.14285714285714
SMFP-30,Control & Reagent,2027-09-01,Revenue,arima,137.14285714285714
SMFP-30,Control & Reagent,2027-10-01,Revenue,arima,137.14285714285714
SMFP-30,Control & Reagent,2027-11-01,Revenue,arima,137.14285714285714
SMFP-30,Control & Reagent,2027-12-01,Revenue,arima,137.14285714285714
SMFP-35,Control & Reagent,2026-10-01,Quantity,arima,0.8571428571429046
SMFP-35,Control & Reagent,2026-11-01,Quantity,arima,0.8571428571429046
SMFP-35,Control & Reagent,2026-12-01,Quantity,arima,0.8571428571429046
SMFP-35,Control & Reagent,2027-01-01,Quantity,arima,0.8571428571429046
SMFP-35,Control & Reagent,2027-02-01,Quantity,arima,0.8571428571429046
SMFP-35,Control & Reagent,2027-03-01,Quantity,arima,0.8571428571429046
SMFP-35,Control & Reagent,2027-04-01,Quantity,arima,0.8571428571429046
SMFP-35,Control & Reagent,2027-05-01,Quantity,arima,0.8571428571429046
SMFP-35,Control & Reagent,2027-06-01,Quantity,arima,0.8571428571429046
SMFP-35,Control & Reagent,2027-07-01,Quantity,arima,0.8571428571429046
SMFP-35,Control & Reagent,2027-08-01,Quantity,arima,0.8571428571429046
SMFP-35,Control & Reagent,2027-09-01,Quantity,arima,0.8571428571429046
SMFP-35,Control & Reagent,2027-10-01,Quantity,arima,0.8571428571429046
SMFP-35,Control & Reagent,2027-11-01,Quantity,arima,0.8571428571429046
SMFP-35,Control & Reagent,2027-12-01,Quantity,arima,0.8571428571429046
SMFP-35,Control & Reagent,2026-10-01,Revenue,arima,442.2857142857143
SMFP-35,Control & Reagent,2026-11-01,Revenue,arima,442.2857142857143
SMFP-35,Control & Reagent,2026-12-01,Revenue,arima,442.2857142857143
SMFP-35,Control & Reagent,2027-01-01,Revenue,arima,442.2857142857143
SMFP-35,Control & Reagent,2027-02-01,Revenue,arima,442.2857142857143
SMFP-35,Control & Reagent,2027-03-01,Revenue,arima,442.2857142857143
SMFP-35,Control & Reagent,2027-04-01,Revenue,arima,442.2857142857143
SMFP-35,Control & Reagent,2027-05-01,Revenue,arima,442.2857142857143
SMFP-35,Control & Reagent,2027-06-01,Revenue,arima,442.2857142857143
SMFP-35,Control & Reagent,2027-07-01,Revenue,arima,442.2857142857143
SMFP-35,Control & Reagent,2027-08-01,Revenue,arima,442.2857142857143
SMFP-35,Control & Reagent,2027-09-01,Revenue,arima,442.2857142857143
SMFP-35,Control & Reagent,2027-10-01,Revenue,arima,442.2857142857143
SMFP-35,Control & Reagent,2027-11-01,Revenue,arima,442.2857142857143
SMFP-35,Control & Reagent,2027-12-01,Revenue,arima,442.2857142857143
SMFP-36,Control & Reagent,2026-10-01,Quantity,arima,4
SMFP-36,Control & Reagent,2026-11-01,Quantity,arima,4
SMFP-36,Control & Reagent,2026-12-01,Quantity,arima,4
SMFP-36,Control & Reagent,2027-01-01,Quantity,arima,4
SMFP-36,Control & Reagent,2027-02-01,Quantity,arima,4
SMFP-36,Control & Reagent,2027-03-01,Quantity,arima,4
SMFP-36,Control & Reagent,2027-04-01,Quantity,arima,4
SMFP-36,Control & Reagent,2027-05-01,Quantity,arima,4
SMFP-36,Control & Reagent,2027-06-01,Quantity,arima,4
SMFP-36,Control & Reagent,2027-07-01,Quantity,arima,4
SMFP-36,Control & Reagent,2027-08-01,Quantity,arima,4
SMFP-36,Control & Reagent,2027-09-01,Quantity,arima,4
SMFP-36,Control & Reagent,2027-10-01,Quantity,arima,4
SMFP-36,Control & Reagent,2027-11-01,Quantity,arima,4
SMFP-36,Control & Reagent,2027-12-01,Quantity,arima,4
SMFP-36,Control & Reagent,2026-10-01,Revenue,arima,6240
SMFP-36,Control & Reagent,2026-11-01,Revenue,arima,6240
SMFP-36,Control & Reagent,2026-12-01,Revenue,arima,6240
SMFP-36,Control & Reagent,2027-01-01,Revenue,arima,6240
SMFP-36,Control & Reagent,2027-02-01,Revenue,arima,6240
SMFP-36,Control & Reagent,2027-03-01,Revenue,arima,6240
SMFP-36,Control & Reagent,2027-04-01,Revenue,arima,6240
SMFP-36,Control & Reagent,2027-05-01,Revenue,arima,6240
SMFP-36,Control & Reagent,2027-06-01,Revenue,arima,6240
SMFP-36,Control & Reagent,2027-07-01,Revenue,arima,6240
SMFP-36,Control & Reagent,2027-08-01,Revenue,arima,6240
SMFP-36,Control & Reagent,2027-09-01,Revenue,arima,6240
SMFP-36,Control & Reagent,2027-10-01,Revenue,arima,6240
SMFP-36,Control & Reagent,2027-11-01,Revenue,arima,6240
SMFP-36,Control & Reagent,2027-12-01,Revenue,arima,6240
SMFP-62,Control & Reagent,2026-10-01,Quantity,arima,1.184180636222437
SMFP-62,Control & Reagent,2026-11-01,Quantity,arima,3.9390429395019946
SMFP-62,Control & Reagent,2026-12-01,Quantity,arima,3.9390429395019946
SMFP-62,Control & Reagent,2027-01-01,Quantity,arima,3.9390429395019946
SMFP-62,Control & Reagent,2027-02-01,Quantity,arima,3.9390429395019946
SMFP-62,Control & Reagent,2027-03-01,Quantity,arima,3.9390429395019946
SMFP-62,Control & Reagent,2027-04-01,Quantity,arima,3.9390429395019946
SMFP-62,Control & Reagent,2027-05-01,Quantity,arima,3.9390429395019946
SMFP-62,Control & Reagent,2027-06-01,Quantity,arima,3.9390429395019946
SMFP-62,Control & Reagent,2027-07-01,Quantity,arima,3.9390429395019946
SMFP-62,Control & Reagent,2027-08-01,Quantity,arima,3.9390429395019946
SMFP-62,Control & Reagent,2027-09-01,Quantity,arima,3.9390429395019946
SMFP-62,Control & Reagent,2027-10-01,Quantity,arima,3.9390429395019946
SMFP-62,Control & Reagent,2027-11-01,Quantity,arima,3.9390429395019946
SMFP-62,Control & Reagent,2027-12-01,Quantity,arima,3.9390429395019946
SMFP-62,Control & Reagent,2026-10-01,Revenue,arima,2333.766905532336
SMFP-62,Control & Reagent,2026-11-01,Revenue,arima,7210.227293545807
SMFP-62,Control & Reagent,2026-12-01,Revenue,arima,7210.227293545807
SMFP-62,Control & Reagent,2027-01-01,Revenue,arima,7210.227293545807
SMFP-62,Control & Reagent,2027-02-01,Revenue,arima,7210.227293545807
SMFP-62,Control & Reagent,2027-03-01,Revenue,arima,7210.227293545807
SMFP-62,Control & Reagent,2027-04-01,Revenue,arima,7210.227293545807
SMFP-62,Control & Reagent,2027-05-01,Revenue,arima,7210.227293545807
SMFP-62,Control & Reagent,2027-06-01,Revenue,arima,7210.227293545807
SMFP-62,Control & Reagent,2027-07-01,Revenue,arima,7210.227293545807
SMFP-62,Control & Reagent,2027-08-01,Revenue,arima,7210.227293545807
SMFP-62,Control & Reagent,2027-09-01,Revenue,arima,7210.227293545807
SMFP-62,Control & Reagent,2027-10-01,Revenue,arima,7210.227293545807
SMFP-62,Control & Reagent,2027-11-01,Revenue,arima,7210.227293545807
SMFP-62,Control & Reagent,2027-12-01,Revenue,arima,7210.227293545807
SMFP-67,Control & Reagent,2026-10-01,Quantity,arima,0
SMFP-67,Control & Reagent,2026-11-01,Quantity,arima,0
SMFP-67,Control & Reagent,2026-12-01,Quantity,arima,0
SMFP-67,Control & Reagent,2027-01-01,Quantity,arima,0
SMFP-67,Control & Reagent,2027-02-01,Quantity,arima,0
SMFP-67,Control & Reagent,2027-03-01,Quantity,arima,0
SMFP-67,Control & Reagent,2027-04-01,Quantity,arima,0
SMFP-67,Control & Reagent,2027-05-01,Quantity,arima,0
SMFP-67,Control & Reagent,2027-06-01,Quantity,arima,0
SMFP-67,Control & Reagent,2027-07-01,Quantity,arima,0
SMFP-67,Control & Reagent,2027-08-01,Quantity,arima,0
SMFP-67,Control & Reagent,2027-09-01,Quantity,arima,0
SMFP-67,Control & Reagent,2027-10-01,Quantity,arima,0
SMFP-67,Control & Reagent,2027-11-01,Quantity,arima,0
SMFP-67,Control & Reagent,2027-12-01,Quantity,arima,0
SMFP-67,Control & Reagent,2026-10-01,Revenue,arima,0
SMFP-67,Control & Reagent,2026-11-01,Revenue,arima,0
SMFP-67,Control & Reagent,2026-12-01,Revenue,arima,0
SMFP-67,Control & Reagent,2027-01-01,Revenue,arima,0
SMFP-67,Control & Reagent,2027-02-01,Revenue,arima,0
SMFP-67,Control & Reagent,2027-03-01,Revenue,arima,0
SMFP-67,Control & Reagent,2027-04-01,Revenue,arima,0
SMFP-67,Control & Reagent,2027-05-01,Revenue,arima,0
SMFP-67,Control & Reagent,2027-06-01,Revenue,arima,0
SMFP-67,Control & Reagent,2027-07-01,Revenue,arima,0
SMFP-67,Control & Reagent,2027-08-01,Revenue,arima,0
SMFP-67,Control & Reagent,2027-09-01,Revenue,arima,0
SMFP-67,Control & Reagent,2027-10-01,Revenue,arima,0
SMFP-67,Control & Reagent,2027-11-01,Revenue,arima,0
SMFP-67,Control & Reagent,2027-12-01,Revenue,arima,0
SMFP-74,Control & Reagent,2026-10-01,Quantity,arima,0
SMFP-74,Control & Reagent,2026-11-01,Quantity,arima,0
SMFP-74,Control & Reagent,2026-12-01,Quantity,arima,0
SMFP-74,Control & Reagent,2027-01-01,Quantity,arima,0
SMFP-74,Control & Reagent,2027-02-01,Quantity,arima,0
SMFP-74,Control & Reagent,2027-03-01,Quantity,arima,0
SMFP-74,Control & Reagent,2027-04-01,Quantity,arima,0
SMFP-74,Control & Reagent,2027-05-01,Quantity,arima,0
SMFP-74,Control & Reagent,2027-06-01,Quantity,arima,0
SMFP-74,Control & Reagent,2027-07-01,Quantity,arima,0
SMFP-74,Control & Reagent,2027-08-01,Quantity,arima,0
SMFP-74,Control & Reagent,2027-09-01,Quantity,arima,0
SMFP-74,Control & Reagent,2027-10-01,Quantity,arima,0
SMFP-74,Control & Reagent,2027-11-01,Quantity,arima,0
SMFP-74,Control & Reagent,2027-12-01,Quantity,arima,0
SMFP-74,Control & Reagent,2026-10-01,Revenue,arima,0
SMFP-74,Control & Reagent,2026-11-01,Revenue,arima,0
SMFP-74,Control & Reagent,2026-12-01,Revenue,arima,0
SMFP-74,Control & Reagent,2027-01-01,Revenue,arima,0
SMFP-74,Control & Reagent,2027-02-01,Revenue,arima,0
SMFP-74,Control & Reagent,2027-03-01,Revenue,arima,0
SMFP-74,Control & Reagent,2027-04-01,Revenue,arima,0
SMFP-74,Control & Reagent,2027-05-01,Revenue,arima,0
SMFP-74,Control & Reagent,2027-06-01,Revenue,arima,0
SMFP-74,Control & Reagent,2027-07-01,Revenue,arima,0
SMFP-74,Control & Reagent,2027-08-01,Revenue,arima,0
SMFP-74,Control & Reagent,2027-09-01,Revenue,arima,0
SMFP-74,Control & Reagent,2027-10-01,Revenue,arima,0
SMFP-74,Control & Reagent,2027-11-01,Revenue,arima,0
SMFP-74,Control & Reagent,2027-12-01,Revenue,arima,0
SMFP-75,Control & Reagent,2026-10-01,Quantity,arima,0
SMFP-75,Control & Reagent,2026-11-01,Quantity,arima,0
SMFP-75,Control & Reagent,2026-12-01,Quantity,arima,0
SMFP-75,Control & Reagent,2027-01-01,Quantity,arima,0
SMFP-75,Control & Reagent,2027-02-01,Quantity,arima,0
SMFP-75,Control & Reagent,2027-03-01,Quantity,arima,0
SMFP-75,Control & Reagent,2027-04-01,Quantity,arima,0
SMFP-75,Control & Reagent,2027-05-01,Quantity,arima,0
SMFP-75,Control & Reagent,2027-06-01,Quantity,arima,0
SMFP-75,Control & Reagent,2027-07-01,Quantity,arima,0
SMFP-75,Control & Reagent,2027-08-01,Quantity,arima,0
SMFP-75,Control & Reagent,2027-09-01,Quantity,arima,0
SMFP-75,Control & Reagent,2027-10-01,Quantity,arima,0
SMFP-75,Control & Reagent,2027-11-01,Quantity,arima,0
SMFP-75,Control & Reagent,2027-12-01,Quantity,arima,0
SMFP-75,Control & Reagent,2026-10-01,Revenue,arima,0
SMFP-75,Control & Reagent,2026-11-01,Revenue,arima,0
SMFP-75,Control & Reagent,2026-12-01,Revenue,arima,0
SMFP-75,Control & Reagent,2027-01-01,Revenue,arima,0
SMFP-75,Control & Reagent,2027-02-01,Revenue,arima,0
SMFP-75,Control & Reagent,2027-03-01,Revenue,arima,0
SMFP-75,Control & Reagent,2027-04-01,Revenue,arima,0
SMFP-75,Control & Reagent,2027-05-01,Revenue,arima,0
SMFP-75,Control & Reagent,2027-06-01,Revenue,arima,0
SMFP-75,Control & Reagent,2027-07-01,Revenue,arima,0
SMFP-75,Control & Reagent,2027-08-01,Revenue,arima,0
SMFP-75,Control & Reagent,2027-09-01,Revenue,arima,0
SMFP-75,Control & Reagent,2027-10-01,Revenue,arima,0
SMFP-75,Control & Reagent,2027-11-01,Revenue,arima,0
SMFP-75,Control & Reagent,2027-12-01,Revenue,arima,0
SMFP-75 (L),Control & Reagent,2026-10-01,Quantity,arima,0
SMFP-75 (L),Control & Reagent,2026-11-01,Quantity,arima,0
SMFP-75 (L),Control & Reagent,2026-12-01,Quantity,arima,0
SMFP-75 (L),Control & Reagent,2027-01-01,Quantity,arima,0
SMFP-75 (L),Control & Reagent,2027-02-01,Quantity,arima,0
SMFP-75 (L),Control & Reagent,2027-03-01,Quantity,arima,0
SMFP-75 (L),Control & Reagent,2027-04-01,Quantity,arima,0
SMFP-75 (L),Control & Reagent,2027-05-01,Quantity,arima,0
SMFP-75 (L),Control & Reagent,2027-06-01,Quantity,arima,0
SMFP-75 (L),Control & Reagent,2027-07-01,Quantity,arima,0
SMFP-75 (L),Control & Reagent,2027-08-01,Quantity,arima,0
SMFP-75 (L),Control & Reagent,2027-09-01,Quantity,arima,0
SMFP-75 (L),Control & Reagent,2027-10-01,Quantity,arima,0
SMFP-75 (L),Control & Reagent,2027-11-01,Quantity,arima,0
SMFP-75 (L),Control & Reagent,2027-12-01,Quantity,arima,0
SMFP-75 (L),Control & Reagent,2026-10-01,Revenue,arima,0
SMFP-75 (L),Control & Reagent,2026-11-01,Revenue,arima,0
SMFP-75 (L),Control & Reagent,2026-12-01,Revenue,arima,0
SMFP-75 (L),Control & Reagent,2027-01-01,Revenue,arima,0
SMFP-75 (L),Control & Reagent,2027-02-01,Revenue,arima,0
SMFP-75 (L),Control & Reagent,2027-03-01,Revenue,arima,0
SMFP-75 (L),Control & Reagent,2027-04-01,Revenue,arima,0
SMFP-75 (L),Control & Reagent,2027-05-01,Revenue,arima,0
SMFP-75 (L),Control & Reagent,2027-06-01,Revenue,arima,0
SMFP-75 (L),Control & Reagent,2027-07-01,Revenue,arima,0
SMFP-75 (L),Control & Reagent,2027-08-01,Revenue,arima,0
SMFP-75 (L),Control & Reagent,2027-09-01,Revenue,arima,0
SMFP-75 (L),Control & Reagent,2027-10-01,Revenue,arima,0
SMFP-75 (L),Control & Reagent,2027-11-01,Revenue,arima,0
SMFP-75 (L),Control & Reagent,2027-12-01,Revenue,arima,0
SMFP-76,Control & Reagent,2026-10-01,Quantity,arima,0
SMFP-76,Control & Reagent,2026-11-01,Quantity,arima,0
SMFP-76,Control & Reagent,2026-12-01,Quantity,arima,0
SMFP-76,Control & Reagent,2027-01-01,Quantity,arima,0
SMFP-76,Control & Reagent,2027-02-01,Quantity,arima,0
SMFP-76,Control & Reagent,2027-03-01,Quantity,arima,0
SMFP-76,Control & Reagent,2027-04-01,Quantity,arima,0
SMFP-76,Control & Reagent,2027-05-01,Quantity,arima,0
SMFP-76,Control & Reagent,2027-06-01,Quantity,arima,0
SMFP-76,Control & Reagent,2027-07-01,Quantity,arima,0
SMFP-76,Control & Reagent,2027-08-01,Quantity,arima,0
SMFP-76,Control & Reagent,2027-09-01,Quantity,arima,0
SMFP-76,Control & Reagent,2027-10-01,Quantity,arima,0
SMFP-76,Control & Reagent,2027-11-01,Quantity,arima,0
SMFP-76,Control & Reagent,2027-12-01,Quantity,arima,0
SMFP-76,Control & Reagent,2026-10-01,Revenue,arima,0
SMFP-76,Control & Reagent,2026-11-01,Revenue,arima,413.6406567833396
SMFP-76,Control & Reagent,2026-12-01,Revenue,arima,413.6406567833396
SMFP-76,Control & Reagent,2027-01-01,Revenue,arima,413.6406567833396
SMFP-76,Control & Reagent,2027-02-01,Revenue,arima,413.6406567833396
SMFP-76,Control & Reagent,2027-03-01,Revenue,arima,413.6406567833396
SMFP-76,Control & Reagent,2027-04-01,Revenue,arima,413.6406567833396
SMFP-76,Control & Reagent,2027-05-01,Revenue,arima,413.6406567833396
SMFP-76,Control & Reagent,2027-06-01,Revenue,arima,413.6406567833396
SMFP-76,Control & Reagent,2027-07-01,Revenue,arima,413.6406567833396
SMFP-76,Control & Reagent,2027-08-01,Revenue,arima,413.6406567833396
SMFP-76,Control & Reagent,2027-09-01,Revenue,arima,413.6406567833396
SMFP-76,Control & Reagent,2027-10-01,Revenue,arima,413.6406567833396
SMFP-76,Control & Reagent,2027-11-01,Revenue,arima,413.6406567833396
SMFP-76,Control & Reagent,2027-12-01,Revenue,arima,413.6406567833396
SMFP-78,Control & Reagent,2026-10-01,Quantity,arima,0.285714285714292
SMFP-78,Control & Reagent,2026-11-01,Quantity,arima,0.285714285714292
SMFP-78,Control & Reagent,2026-12-01,Quantity,arima,0.285714285714292
SMFP-78,Control & Reagent,2027-01-01,Quantity,arima,0.285714285714292
SMFP-78,Control & Reagent,2027-02-01,Quantity,arima,0.285714285714292
SMFP-78,Control & Reagent,2027-03-01,Quantity,arima,0.285714285714292
SMFP-78,Control & Reagent,2027-04-01,Quantity,arima,0.285714285714292
SMFP-78,Control & Reagent,2027-05-01,Quantity,arima,0.285714285714292
SMFP-78,Control & Reagent,2027-06-01,Quantity,arima,0.285714285714292
SMFP-78,Control & Reagent,2027-07-01,Quantity,arima,0.285714285714292
SMFP-78,Control & Reagent,2027-08-01,Quantity,arima,0.285714285714292
SMFP-78,Control & Reagent,2027-09-01,Quantity,arima,0.285714285714292
SMFP-78,Control & Reagent,2027-10-01,Quantity,arima,0.285714285714292
SMFP-78,Control & Reagent,2027-11-01,Quantity,arima,0.285714285714292
SMFP-78,Control & Reagent,2027-12-01,Quantity,arima,0.285714285714292
SMFP-78,Control & Reagent,2026-10-01,Revenue,arima,185.14285714285717
SMFP-78,Control & Reagent,2026-11-01,Revenue,arima,185.14285714285717
SMFP-78,Control & Reagent,2026-12-01,Revenue,arima,185.14285714285717
SMFP-78,Control & Reagent,2027-01-01,Revenue,arima,185.14285714285717
SMFP-78,Control & Reagent,2027-02-01,Revenue,arima,185.14285714285717
SMFP-78,Control & Reagent,2027-03-01,Revenue,arima,185.14285714285717
SMFP-78,Control & Reagent,2027-04-01,Revenue,arima,185.14285714285717
SMFP-78,Control & Reagent,2027-05-01,Revenue,arima,185.14285714285717
SMFP-78,Control & Reagent,2027-06-01,Revenue,arima,185.14285714285717
SMFP-78,Control & Reagent,2027-07-01,Revenue,arima,185.14285714285717
SMFP-78,Control & Reagent,2027-08-01,Revenue,arima,185.14285714285717
SMFP-78,Control & Reagent,2027-09-01,Revenue,arima,185.14285714285717
SMFP-78,Control & Reagent,2027-10-01,Revenue,arima,185.14285714285717
SMFP-78,Control & Reagent,2027-11-01,Revenue,arima,185.14285714285717
SMFP-78,Control & Reagent,2027-12-01,Revenue,arima,185.14285714285717
SMFP-83,Control & Reagent,2026-10-01,Quantity,arima,0
SMFP-83,Control & Reagent,2026-11-01,Quantity,arima,0
SMFP-83,Control & Reagent,2026-12-01,Quantity,arima,0
SMFP-83,Control & Reagent,2027-01-01,Quantity,arima,0
SMFP-83,Control & Reagent,2027-02-01,Quantity,arima,0
SMFP-83,Control & Reagent,2027-03-01,Quantity,arima,0
SMFP-83,Control & Reagent,2027-04-01,Quantity,arima,0
SMFP-83,Control & Reagent,2027-05-01,Quantity,arima,0
SMFP-83,Control & Reagent,2027-06-01,Quantity,arima,0
SMFP-83,Control & Reagent,2027-07-01,Quantity,arima,0
SMFP-83,Control & Reagent,2027-08-01,Quantity,arima,0
SMFP-83,Control & Reagent,2027-09-01,Quantity,arima,0
SMFP-83,Control & Reagent,2027-10-01,Quantity,arima,0
SMFP-83,Control & Reagent,2027-11-01,Quantity,arima,0
SMFP-83,Control & Reagent,2027-12-01,Quantity,arima,0
SMFP-83,Control & Reagent,2026-10-01,Revenue,arima,0
SMFP-83,Control & Reagent,2026-11-01,Revenue,arima,0
SMFP-83,Control & Reagent,2026-12-01,Revenue,arima,0
SMFP-83,Control & Reagent,2027-01-01,Revenue,arima,0
SMFP-83,Control & Reagent,2027-02-01,Revenue,arima,0
SMFP-83,Control & Reagent,2027-03-01,Revenue,arima,0
SMFP-83,Control & Reagent,2027-04-01,Revenue,arima,0
SMFP-83,Control & Reagent,2027-05-01,Revenue,arima,0
SMFP-83,Control & Reagent,2027-06-01,Revenue,arima,0
SMFP-83,Control & Reagent,2027-07-01,Revenue,arima,0
SMFP-83,Control & Reagent,2027-08-01,Revenue,arima,0
SMFP-83,Control & Reagent,2027-09-01,Revenue,arima,0
SMFP-83,Control & Reagent,2027-10-01,Revenue,arima,0
SMFP-83,Control & Reagent,2027-11-01,Revenue,arima,0
SMFP-83,Control & Reagent,2027-12-01,Revenue,arima,0
SMFP-84,Control & Reagent,2026-10-01,Quantity,arima,0.10889336073144838
SMFP-84,Control & Reagent,2026-11-01,Quantity,arima,0.10889336073144838
SMFP-84,Control & Reagent,2026-12-01,Quantity,arima,0.10889336073144838
SMFP-84,Control & Reagent,2027-01-01,Quantity,arima,0.10889336073144838
SMFP-84,Control & Reagent,2027-02-01,Quantity,arima,0.10889336073144838
SMFP-84,Control & Reagent,2027-03-01,Quantity,arima,0.10889336073144838
SMFP-84,Control & Reagent,2027-04-01,Quantity,arima,0.10889336073144838
SMFP-84,Control & Reagent,2027-05-01,Quantity,arima,0.10889336073144838
SMFP-84,Control & Reagent,2027-06-01,Quantity,arima,0.10889336073144838
SMFP-84,Control & Reagent,2027-07-01,Quantity,arima,0.10889336073144838
SMFP-84,Control & Reagent,2027-08-01,Quantity,arima,0.10889336073144838
SMFP-84,Control & Reagent,2027-09-01,Quantity,arima,0.10889336073144838
SMFP-84,Control & Reagent,2027-10-01,Quantity,arima,0.10889336073144838
SMFP-84,Control & Reagent,2027-11-01,Quantity,arima,0.10889336073144838
SMFP-84,Control & Reagent,2027-12-01,Quantity,arima,0.10889336073144838
SMFP-84,Control & Reagent,2026-10-01,Revenue,arima,67.94953565757562
SMFP-84,Control & Reagent,2026-11-01,Revenue,arima,67.94953565757562
SMFP-84,Control & Reagent,2026-12-01,Revenue,arima,67.94953565757562
SMFP-84,Control & Reagent,2027-01-01,Revenue,arima,67.94953565757562
SMFP-84,Control & Reagent,2027-02-01,Revenue,arima,67.94953565757562
SMFP-84,Control & Reagent,2027-03-01,Revenue,arima,67.94953565757562
SMFP-84,Control & Reagent,2027-04-01,Revenue,arima,67.94953565757562
SMFP-84,Control & Reagent,2027-05-01,Revenue,arima,67.94953565757562
SMFP-84,Control & Reagent,2027-06-01,Revenue,arima,67.94953565757562
SMFP-84,Control & Reagent,2027-07-01,Revenue,arima,67.94953565757562
SMFP-84,Control & Reagent,2027-08-01,Revenue,arima,67.94953565757562
SMFP-84,Control & Reagent,2027-09-01,Revenue,arima,67.94953565757562
SMFP-84,Control & Reagent,2027-10-01,Revenue,arima,67.94953565757562
SMFP-84,Control & Reagent,2027-11-01,Revenue,arima,67.94953565757562
SMFP-84,Control & Reagent,2027-12-01,Revenue,arima,67.94953565757562
SMFP-86,Control & Reagent,2026-10-01,Quantity,arima,3.57142857140785
SMFP-86,Control & Reagent,2026-11-01,Quantity,arima,3.57142857140785
SMFP-86,Control & Reagent,2026-12-01,Quantity,arima,3.57142857140785
SMFP-86,Control & Reagent,2027-01-01,Quantity,arima,3.57142857140785
SMFP-86,Control & Reagent,2027-02-01,Quantity,arima,3.57142857140785
SMFP-86,Control & Reagent,2027-03-01,Quantity,arima,3.57142857140785
SMFP-86,Control & Reagent,2027-04-01,Quantity,arima,3.57142857140785
SMFP-86,Control & Reagent,2027-05-01,Quantity,arima,3.57142857140785
SMFP-86,Control & Reagent,2027-06-01,Quantity,arima,3.57142857140785
SMFP-86,Control & Reagent,2027-07-01,Quantity,arima,3.57142857140785
SMFP-86,Control & Reagent,2027-08-01,Quantity,arima,3.57142857140785
SMFP-86,Control & Reagent,2027-09-01,Quantity,arima,3.57142857140785
SMFP-86,Control & Reagent,2027-10-01,Quantity,arima,3.57142857140785
SMFP-86,Control & Reagent,2027-11-01,Quantity,arima,3.57142857140785
SMFP-86,Control & Reagent,2027-12-01,Quantity,arima,3.57142857140785
SMFP-86,Control & Reagent,2026-10-01,Revenue,arima,0
SMFP-86,Control & Reagent,2026-11-01,Revenue,arima,880.9800601904208
SMFP-86,Control & Reagent,2026-12-01,Revenue,arima,880.9800601904208
SMFP-86,Control & Reagent,2027-01-01,Revenue,arima,880.9800601904208
SMFP-86,Control & Reagent,2027-02-01,Revenue,arima,880.9800601904208
SMFP-86,Control & Reagent,2027-03-01,Revenue,arima,880.9800601904208
SMFP-86,Control & Reagent,2027-04-01,Revenue,arima,880.9800601904208
SMFP-86,Control & Reagent,2027-05-01,Revenue,arima,880.9800601904208
SMFP-86,Control & Reagent,2027-06-01,Revenue,arima,880.9800601904208
SMFP-86,Control & Reagent,2027-07-01,Revenue,arima,880.9800601904208
SMFP-86,Control & Reagent,2027-08-01,Revenue,arima,880.9800601904208
SMFP-86,Control & Reagent,2027-09-01,Revenue,arima,880.9800601904208
SMFP-86,Control & Reagent,2027-10-01,Revenue,arima,880.9800601904208
SMFP-86,Control & Reagent,2027-11-01,Revenue,arima,880.9800601904208
SMFP-86,Control & Reagent,2027-12-01,Revenue,arima,880.9800601904208
SMFP-95,Control & Reagent,2026-10-01,Quantity,arima,9
SMFP-95,Control & Reagent,2026-11-01,Quantity,arima,9
SMFP-95,Control & Reagent,2026-12-01,Quantity,arima,9
SMFP-95,Control & Reagent,2027-01-01,Quantity,arima,9
SMFP-95,Control & Reagent,2027-02-01,Quantity,arima,9
SMFP-95,Control & Reagent,2027-03-01,Quantity,arima,9
SMFP-95,Control & Reagent,2027-04-01,Quantity,arima,9
SMFP-95,Control & Reagent,2027-05-01,Quantity,arima,9
SMFP-95,Control & Reagent,2027-06-01,Quantity,arima,9
SMFP-95,Control & Reagent,2027-07-01,Quantity,arima,9
SMFP-95,Control & Reagent,2027-08-01,Quantity,arima,9
SMFP-95,Control & Reagent,2027-09-01,Quantity,arima,9
SMFP-95,Control & Reagent,2027-10-01,Quantity,arima,9
SMFP-95,Control & Reagent,2027-11-01,Quantity,arima,9
SMFP-95,Control & Reagent,2027-12-01,Quantity,arima,9
SMFP-95,Control & Reagent,2026-10-01,Revenue,arima,7560
SMFP-95,Control & Reagent,2026-11-01,Revenue,arima,7560
SMFP-95,Control & Reagent,2026-12-01,Revenue,arima,7560
SMFP-95,Control & Reagent,2027-01-01,Revenue,arima,7560
SMFP-95,Control & Reagent,2027-02-01,Revenue,arima,7560
SMFP-95,Control & Reagent,2027-03-01,Revenue,arima,7560
SMFP-95,Control & Reagent,2027-04-01,Revenue,arima,7560
SMFP-95,Control & Reagent,2027-05-01,Revenue,arima,7560
SMFP-95,Control & Reagent,2027-06-01,Revenue,arima,7560
SMFP-95,Control & Reagent,2027-07-01,Revenue,arima,7560
SMFP-95,Control & Reagent,2027-08-01,Revenue,arima,7560
SMFP-95,Control & Reagent,2027-09-01,Revenue,arima,7560
SMFP-95,Control & Reagent,2027-10-01,Revenue,arima,7560
SMFP-95,Control & Reagent,2027-11-01,Revenue,arima,7560
SMFP-95,Control & Reagent,2027-12-01,Revenue,arima,7560
SMFP-99,Control & Reagent,2026-10-01,Quantity,arima,6.077456329962432
SMFP-99,Control & Reagent,2026-11-01,Quantity,arima,6.077456329962432
SMFP-99,Control & Reagent,2026-12-01,Quantity,arima,6.077456329962432
SMFP-99,Control & Reagent,2027-01-01,Quantity,arima,6.077456329962432
SMFP-99,Control & Reagent,2027-02-01,Quantity,arima,6.077456329962432
SMFP-99,Control & Reagent,2027-03-01,Quantity,arima,6.077456329962432
SMFP-99,Control & Reagent,2027-04-01,Quantity,arima,6.077456329962432
SMFP-99,Control & Reagent,2027-05-01,Quantity,arima,6.077456329962432
SMFP-99,Control & Reagent,2027-06-01,Quantity,arima,6.077456329962432
SMFP-99,Control & Reagent,2027-07-01,Quantity,arima,6.077456329962432
SMFP-99,Control & Reagent,2027-08-01,Quantity,arima,6.077456329962432
SMFP-99,Control & Reagent,2027-09-01,Quantity,arima,6.077456329962432
SMFP-99,Control & Reagent,2027-10-01,Quantity,arima,6.077456329962432
SMFP-99,Control & Reagent,2027-11-01,Quantity,arima,6.077456329962432
SMFP-99,Control & Reagent,2027-12-01,Quantity,arima,6.077456329962432
SMFP-99,Control & Reagent,2026-10-01,Revenue,arima,5625.251406563044
SMFP-99,Control & Reagent,2026-11-01,Revenue,arima,5625.251406563044
SMFP-99,Control & Reagent,2026-12-01,Revenue,arima,5625.251406563044
SMFP-99,Control & Reagent,2027-01-01,Revenue,arima,5625.251406563044
SMFP-99,Control & Reagent,2027-02-01,Revenue,arima,5625.251406563044
SMFP-99,Control & Reagent,2027-03-01,Revenue,arima,5625.251406563044
SMFP-99,Control & Reagent,2027-04-01,Revenue,arima,5625.251406563044
SMFP-99,Control & Reagent,2027-05-01,Revenue,arima,5625.251406563044
SMFP-99,Control & Reagent,2027-06-01,Revenue,arima,5625.251406563044
SMFP-99,Control & Reagent,2027-07-01,Revenue,arima,5625.251406563044
SMFP-99,Control & Reagent,2027-08-01,Revenue,arima,5625.251406563044
SMFP-99,Control & Reagent,2027-09-01,Revenue,arima,5625.251406563044
SMFP-99,Control & Reagent,2027-10-01,Revenue,arima,5625.251406563044
SMFP-99,Control & Reagent,2027-11-01,Revenue,arima,5625.251406563044
SMFP-99,Control & Reagent,2027-12-01,Revenue,arima,5625.251406563044
CFPO-100,Control & Reagent,2026-10-01,Quantity,Ensemble,0.02381030226433398
CFPO-100,Control & Reagent,2026-11-01,Quantity,Ensemble,0.02381030226433398
CFPO-100,Control & Reagent,2026-12-01,Quantity,Ensemble,0.02381030226433398
CFPO-100,Control & Reagent,2027-01-01,Quantity,Ensemble,0.02381030226433398
CFPO-100,Control & Reagent,2027-02-01,Quantity,Ensemble,0.02381030226433398
CFPO-100,Control & Reagent,2027-03-01,Quantity,Ensemble,0.02381030226433398
CFPO-100,Control & Reagent,2027-04-01,Quantity,Ensemble,0.02381030226433398
CFPO-100,Control & Reagent,2027-05-01,Quantity,Ensemble,0.02381030226433398
CFPO-100,Control & Reagent,2027-06-01,Quantity,Ensemble,0.02381030226433398
CFPO-100,Control & Reagent,2027-07-01,Quantity,Ensemble,0.02381030226433398
CFPO-100,Control & Reagent,2027-08-01,Quantity,Ensemble,0.02381030226433398
CFPO-100,Control & Reagent,2027-09-01,Quantity,Ensemble,0.02381030226433398
CFPO-100,Control & Reagent,2027-10-01,Quantity,Ensemble,0.02381030226433398
CFPO-100,Control & Reagent,2027-11-01,Quantity,Ensemble,0.02381030226433398
CFPO-100,Control & Reagent,2027-12-01,Quantity,Ensemble,0.02381030226433398
CFPO-100,Control & Reagent,2026-10-01,Revenue,Ensemble,4.7504435090531265
CFPO-100,Control & Reagent,2026-11-01,Revenue,Ensemble,4.7504435090531265
CFPO-100,Control & Reagent,2026-12-01,Revenue,Ensemble,4.7504435090531265
CFPO-100,Control & Reagent,2027-01-01,Revenue,Ensemble,4.7504435090531265
CFPO-100,Control & Reagent,2027-02-01,Revenue,Ensemble,4.7504435090531265
CFPO-100,Control & Reagent,2027-03-01,Revenue,Ensemble,4.7504435090531265
CFPO-100,Control & Reagent,2027-04-01,Revenue,Ensemble,4.7504435090531265
CFPO-100,Control & Reagent,2027-05-01,Revenue,Ensemble,4.7504435090531265
CFPO-100,Control & Reagent,2027-06-01,Revenue,Ensemble,4.7504435090531265
CFPO-100,Control & Reagent,2027-07-01,Revenue,Ensemble,4.7504435090531265
CFPO-100,Control & Reagent,2027-08-01,Revenue,Ensemble,4.7504435090531265
CFPO-100,Control & Reagent,2027-09-01,Revenue,Ensemble,4.7504435090531265
CFPO-100,Control & Reagent,2027-10-01,Revenue,Ensemble,4.7504435090531265
CFPO-100,Control & Reagent,2027-11-01,Revenue,Ensemble,4.7504435090531265
CFPO-100,Control & Reagent,2027-12-01,Revenue,Ensemble,4.7504435090531265
CFPO-102,Control & Reagent,2026-10-01,Quantity,Ensemble,0.33335119583504824
CFPO-102,Control & Reagent,2026-11-01,Quantity,Ensemble,0.33335119583504824
CFPO-102,Control & Reagent,2026-12-01,Quantity,Ensemble,0.33335119583504824
CFPO-102,Control & Reagent,2027-01-01,Quantity,Ensemble,0.33335119583504824
CFPO-102,Control & Reagent,2027-02-01,Quantity,Ensemble,0.33335119583504824
CFPO-102,Control & Reagent,2027-03-01,Quantity,Ensemble,0.33335119583504824
CFPO-102,Control & Reagent,2027-04-01,Quantity,Ensemble,0.33335119583504824
CFPO-102,Control & Reagent,2027-05-01,Quantity,Ensemble,0.33335119583504824
CFPO-102,Control & Reagent,2027-06-01,Quantity,Ensemble,0.33335119583504824
CFPO-102,Control & Reagent,2027-07-01,Quantity,Ensemble,0.33335119583504824
CFPO-102,Control & Reagent,2027-08-01,Quantity,Ensemble,0.33335119583504824
CFPO-102,Control & Reagent,2027-09-01,Quantity,Ensemble,0.33335119583504824
CFPO-102,Control & Reagent,2027-10-01,Quantity,Ensemble,0.33335119583504824
CFPO-102,Control & Reagent,2027-11-01,Quantity,Ensemble,0.33335119583504824
CFPO-102,Control & Reagent,2027-12-01,Quantity,Ensemble,0.33335119583504824
CFPO-102,Control & Reagent,2026-10-01,Revenue,Ensemble,55.234114980863254
CFPO-102,Control & Reagent,2026-11-01,Revenue,Ensemble,55.234114980863254
CFPO-102,Control & Reagent,2026-12-01,Revenue,Ensemble,55.234114980863254
CFPO-102,Control & Reagent,2027-01-01,Revenue,Ensemble,55.234114980863254
CFPO-102,Control & Reagent,2027-02-01,Revenue,Ensemble,55.234114980863254
CFPO-102,Control & Reagent,2027-03-01,Revenue,Ensemble,55.234114980863254
CFPO-102,Control & Reagent,2027-04-01,Revenue,Ensemble,55.234114980863254
CFPO-102,Control & Reagent,2027-05-01,Revenue,Ensemble,55.234114980863254
CFPO-102,Control & Reagent,2027-06-01,Revenue,Ensemble,55.234114980863254
CFPO-102,Control & Reagent,2027-07-01,Revenue,Ensemble,55.234114980863254
CFPO-102,Control & Reagent,2027-08-01,Revenue,Ensemble,55.234114980863254
CFPO-102,Control & Reagent,2027-09-01,Revenue,Ensemble,55.234114980863254
CFPO-102,Control & Reagent,2027-10-01,Revenue,Ensemble,55.234114980863254
CFPO-102,Control & Reagent,2027-11-01,Revenue,Ensemble,55.234114980863254
CFPO-102,Control & Reagent,2027-12-01,Revenue,Ensemble,55.234114980863254
CFPO-206,Control & Reagent,2026-10-01,Quantity,Ensemble,4.989870830433636
CFPO-206,Control & Reagent,2026-11-01,Quantity,Ensemble,4.989870830433636
CFPO-206,Control & Reagent,2026-12-01,Quantity,Ensemble,4.989870830433636
CFPO-206,Control & Reagent,2027-01-01,Quantity,Ensemble,4.989870830433636
CFPO-206,Control & Reagent,2027-02-01,Quantity,Ensemble,4.989870830433636
CFPO-206,Control & Reagent,2027-03-01,Quantity,Ensemble,4.989870830433636
CFPO-206,Control & Reagent,2027-04-01,Quantity,Ensemble,4.989870830433636
CFPO-206,Control & Reagent,2027-05-01,Quantity,Ensemble,4.989870830433636
CFPO-206,Control & Reagent,2027-06-01,Quantity,Ensemble,4.989870830433636
CFPO-206,Control & Reagent,2027-07-01,Quantity,Ensemble,4.989870830433636
CFPO-206,Control & Reagent,2027-08-01,Quantity,Ensemble,4.989870830433636
CFPO-206,Control & Reagent,2027-09-01,Quantity,Ensemble,4.989870830433636
CFPO-206,Control & Reagent,2027-10-01,Quantity,Ensemble,4.989870830433636
CFPO-206,Control & Reagent,2027-11-01,Quantity,Ensemble,4.989870830433636
CFPO-206,Control & Reagent,2027-12-01,Quantity,Ensemble,4.989870830433636
CFPO-206,Control & Reagent,2026-10-01,Revenue,Ensemble,0
CFPO-206,Control & Reagent,2026-11-01,Revenue,Ensemble,0
CFPO-206,Control & Reagent,2026-12-01,Revenue,Ensemble,0
CFPO-206,Control & Reagent,2027-01-01,Revenue,Ensemble,0
CFPO-206,Control & Reagent,2027-02-01,Revenue,Ensemble,0
CFPO-206,Control & Reagent,2027-03-01,Revenue,Ensemble,0
CFPO-206,Control & Reagent,2027-04-01,Revenue,Ensemble,0
CFPO-206,Control & Reagent,2027-05-01,Revenue,Ensemble,0
CFPO-206,Control & Reagent,2027-06-01,Revenue,Ensemble,0
CFPO-206,Control & Reagent,2027-07-01,Revenue,Ensemble,0
CFPO-206,Control & Reagent,2027-08-01,Revenue,Ensemble,0
CFPO-206,Control & Reagent,2027-09-01,Revenue,Ensemble,0
CFPO-206,Control & Reagent,2027-10-01,Revenue,Ensemble,0
CFPO-206,Control & Reagent,2027-11-01,Revenue,Ensemble,0
CFPO-206,Control & Reagent,2027-12-01,Revenue,Ensemble,0
CFPO-212,Control & Reagent,2026-10-01,Quantity,Ensemble,0.4675044214733701
CFPO-212,Control & Reagent,2026-11-01,Quantity,Ensemble,0.4675044214733701
CFPO-212,Control & Reagent,2026-12-01,Quantity,Ensemble,0.4675044214733701
CFPO-212,Control & Reagent,2027-01-01,Quantity,Ensemble,0.4675044214733701
CFPO-212,Control & Reagent,2027-02-01,Quantity,Ensemble,0.4675044214733701
CFPO-212,Control & Reagent,2027-03-01,Quantity,Ensemble,0.4675044214733701
CFPO-212,Control & Reagent,2027-04-01,Quantity,Ensemble,0.4675044214733701
CFPO-212,Control & Reagent,2027-05-01,Quantity,Ensemble,0.4675044214733701
CFPO-212,Control & Reagent,2027-06-01,Quantity,Ensemble,0.4675044214733701
CFPO-212,Control & Reagent,2027-07-01,Quantity,Ensemble,0.4675044214733701
CFPO-212,Control & Reagent,2027-08-01,Quantity,Ensemble,0.4675044214733701
CFPO-212,Control & Reagent,2027-09-01,Quantity,Ensemble,0.4675044214733701
CFPO-212,Control & Reagent,2027-10-01,Quantity,Ensemble,0.4675044214733701
CFPO-212,Control & Reagent,2027-11-01,Quantity,Ensemble,0.4675044214733701
CFPO-212,Control & Reagent,2027-12-01,Quantity,Ensemble,0.4675044214733701
CFPO-212,Control & Reagent,2026-10-01,Revenue,Ensemble,94.16349643949704
CFPO-212,Control & Reagent,2026-11-01,Revenue,Ensemble,94.16349643949704
CFPO-212,Control & Reagent,2026-12-01,Revenue,Ensemble,94.16349643949704
CFPO-212,Control & Reagent,2027-01-01,Revenue,Ensemble,94.16349643949704
CFPO-212,Control & Reagent,2027-02-01,Revenue,Ensemble,94.16349643949704
CFPO-212,Control & Reagent,2027-03-01,Revenue,Ensemble,94.16349643949704
CFPO-212,Control & Reagent,2027-04-01,Revenue,Ensemble,94.16349643949704
CFPO-212,Control & Reagent,2027-05-01,Revenue,Ensemble,94.16349643949704
CFPO-212,Control & Reagent,2027-06-01,Revenue,Ensemble,94.16349643949704
CFPO-212,Control & Reagent,2027-07-01,Revenue,Ensemble,94.16349643949704
CFPO-212,Control & Reagent,2027-08-01,Revenue,Ensemble,94.16349643949704
CFPO-212,Control & Reagent,2027-09-01,Revenue,Ensemble,94.16349643949704
CFPO-212,Control & Reagent,2027-10-01,Revenue,Ensemble,94.16349643949704
CFPO-212,Control & Reagent,2027-11-01,Revenue,Ensemble,94.16349643949704
CFPO-212,Control & Reagent,2027-12-01,Revenue,Ensemble,94.16349643949704
CFPO-214,Control & Reagent,2026-10-01,Quantity,Ensemble,0.6190575355875649
CFPO-214,Control & Reagent,2026-11-01,Quantity,Ensemble,0.6190575355875649
CFPO-214,Control & Reagent,2026-12-01,Quantity,Ensemble,0.6190575355875649
CFPO-214,Control & Reagent,2027-01-01,Quantity,Ensemble,0.6190575355875649
CFPO-214,Control & Reagent,2027-02-01,Quantity,Ensemble,0.6190575355875649
CFPO-214,Control & Reagent,2027-03-01,Quantity,Ensemble,0.6190575355875649
CFPO-214,Control & Reagent,2027-04-01,Quantity,Ensemble,0.6190575355875649
CFPO-214,Control & Reagent,2027-05-01,Quantity,Ensemble,0.6190575355875649
CFPO-214,Control & Reagent,2027-06-01,Quantity,Ensemble,0.6190575355875649
CFPO-214,Control & Reagent,2027-07-01,Quantity,Ensemble,0.6190575355875649
CFPO-214,Control & Reagent,2027-08-01,Quantity,Ensemble,0.6190575355875649
CFPO-214,Control & Reagent,2027-09-01,Quantity,Ensemble,0.6190575355875649
CFPO-214,Control & Reagent,2027-10-01,Quantity,Ensemble,0.6190575355875649
CFPO-214,Control & Reagent,2027-11-01,Quantity,Ensemble,0.6190575355875649
CFPO-214,Control & Reagent,2027-12-01,Quantity,Ensemble,0.6190575355875649
CFPO-214,Control & Reagent,2026-10-01,Revenue,Ensemble,114.26084975644997
CFPO-214,Control & Reagent,2026-11-01,Revenue,Ensemble,114.26084975644997
CFPO-214,Control & Reagent,2026-12-01,Revenue,Ensemble,114.26084975644997
CFPO-214,Control & Reagent,2027-01-01,Revenue,Ensemble,114.26084975644997
CFPO-214,Control & Reagent,2027-02-01,Revenue,Ensemble,114.26084975644997
CFPO-214,Control & Reagent,2027-03-01,Revenue,Ensemble,114.26084975644997
CFPO-214,Control & Reagent,2027-04-01,Revenue,Ensemble,114.26084975644997
CFPO-214,Control & Reagent,2027-05-01,Revenue,Ensemble,114.26084975644997
CFPO-214,Control & Reagent,2027-06-01,Revenue,Ensemble,114.26084975644997
CFPO-214,Control & Reagent,2027-07-01,Revenue,Ensemble,114.26084975644997
CFPO-214,Control & Reagent,2027-08-01,Revenue,Ensemble,114.26084975644997
CFPO-214,Control & Reagent,2027-09-01,Revenue,Ensemble,114.26084975644997
CFPO-214,Control & Reagent,2027-10-01,Revenue,Ensemble,114.26084975644997
CFPO-214,Control & Reagent,2027-11-01,Revenue,Ensemble,114.26084975644997
CFPO-214,Control & Reagent,2027-12-01,Revenue,Ensemble,114.26084975644997
CFPO-232,Control & Reagent,2026-10-01,Quantity,Ensemble,0.04764452944177571
CFPO-232,Control & Reagent,2026-11-01,Quantity,Ensemble,0.04764452944177571
CFPO-232,Control & Reagent,2026-12-01,Quantity,Ensemble,0.04764452944177571
CFPO-232,Control & Reagent,2027-01-01,Quantity,Ensemble,0.04764452944177571
CFPO-232,Control & Reagent,2027-02-01,Quantity,Ensemble,0.04764452944177571
CFPO-232,Control & Reagent,2027-03-01,Quantity,Ensemble,0.04764452944177571
CFPO-232,Control & Reagent,2027-04-01,Quantity,Ensemble,0.04764452944177571
CFPO-232,Control & Reagent,2027-05-01,Quantity,Ensemble,0.04764452944177571
CFPO-232,Control & Reagent,2027-06-01,Quantity,Ensemble,0.04764452944177571
CFPO-232,Control & Reagent,2027-07-01,Quantity,Ensemble,0.04764452944177571
CFPO-232,Control & Reagent,2027-08-01,Quantity,Ensemble,0.04764452944177571
CFPO-232,Control & Reagent,2027-09-01,Quantity,Ensemble,0.04764452944177571
CFPO-232,Control & Reagent,2027-10-01,Quantity,Ensemble,0.04764452944177571
CFPO-232,Control & Reagent,2027-11-01,Quantity,Ensemble,0.04764452944177571
CFPO-232,Control & Reagent,2027-12-01,Quantity,Ensemble,0.04764452944177571
CFPO-232,Control & Reagent,2026-10-01,Revenue,Ensemble,4.761881869350278
CFPO-232,Control & Reagent,2026-11-01,Revenue,Ensemble,4.761881869350278
CFPO-232,Control & Reagent,2026-12-01,Revenue,Ensemble,4.761881869350278
CFPO-232,Control & Reagent,2027-01-01,Revenue,Ensemble,4.761881869350278
CFPO-232,Control & Reagent,2027-02-01,Revenue,Ensemble,4.761881869350278
CFPO-232,Control & Reagent,2027-03-01,Revenue,Ensemble,4.761881869350278
CFPO-232,Control & Reagent,2027-04-01,Revenue,Ensemble,4.761881869350278
CFPO-232,Control & Reagent,2027-05-01,Revenue,Ensemble,4.761881869350278
CFPO-232,Control & Reagent,2027-06-01,Revenue,Ensemble,4.761881869350278
CFPO-232,Control & Reagent,2027-07-01,Revenue,Ensemble,4.761881869350278
CFPO-232,Control & Reagent,2027-08-01,Revenue,Ensemble,4.761881869350278
CFPO-232,Control & Reagent,2027-09-01,Revenue,Ensemble,4.761881869350278
CFPO-232,Control & Reagent,2027-10-01,Revenue,Ensemble,4.761881869350278
CFPO-232,Control & Reagent,2027-11-01,Revenue,Ensemble,4.761881869350278
CFPO-232,Control & Reagent,2027-12-01,Revenue,Ensemble,4.761881869350278
CFPO-238,Control & Reagent,2026-10-01,Quantity,Ensemble,0.023807555288774807
CFPO-238,Control & Reagent,2026-11-01,Quantity,Ensemble,0.023807555288774807
CFPO-238,Control & Reagent,2026-12-01,Quantity,Ensemble,0.023807555288774807
CFPO-238,Control & Reagent,2027-01-01,Quantity,Ensemble,0.023807555288774807
CFPO-238,Control & Reagent,2027-02-01,Quantity,Ensemble,0.023807555288774807
CFPO-238,Control & Reagent,2027-03-01,Quantity,Ensemble,0.023807555288774807
CFPO-238,Control & Reagent,2027-04-01,Quantity,Ensemble,0.023807555288774807
CFPO-238,Control & Reagent,2027-05-01,Quantity,Ensemble,0.023807555288774807
CFPO-238,Control & Reagent,2027-06-01,Quantity,Ensemble,0.023807555288774807
CFPO-238,Control & Reagent,2027-07-01,Quantity,Ensemble,0.023807555288774807
CFPO-238,Control & Reagent,2027-08-01,Quantity,Ensemble,0.023807555288774807
CFPO-238,Control & Reagent,2027-09-01,Quantity,Ensemble,0.023807555288774807
CFPO-238,Control & Reagent,2027-10-01,Quantity,Ensemble,0.023807555288774807
CFPO-238,Control & Reagent,2027-11-01,Quantity,Ensemble,0.023807555288774807
CFPO-238,Control & Reagent,2027-12-01,Quantity,Ensemble,0.023807555288774807
CFPO-238,Control & Reagent,2026-10-01,Revenue,Ensemble,0
CFPO-238,Control & Reagent,2026-11-01,Revenue,Ensemble,0
CFPO-238,Control & Reagent,2026-12-01,Revenue,Ensemble,0
CFPO-238,Control & Reagent,2027-01-01,Revenue,Ensemble,0
CFPO-238,Control & Reagent,2027-02-01,Revenue,Ensemble,0
CFPO-238,Control & Reagent,2027-03-01,Revenue,Ensemble,0
CFPO-238,Control & Reagent,2027-04-01,Revenue,Ensemble,0
CFPO-238,Control & Reagent,2027-05-01,Revenue,Ensemble,0
CFPO-238,Control & Reagent,2027-06-01,Revenue,Ensemble,0
CFPO-238,Control & Reagent,2027-07-01,Revenue,Ensemble,0
CFPO-238,Control & Reagent,2027-08-01,Revenue,Ensemble,0
CFPO-238,Control & Reagent,2027-09-01,Revenue,Ensemble,0
CFPO-238,Control & Reagent,2027-10-01,Revenue,Ensemble,0
CFPO-238,Control & Reagent,2027-11-01,Revenue,Ensemble,0
CFPO-238,Control & Reagent,2027-12-01,Revenue,Ensemble,0
CFPO-239,Control & Reagent,2026-10-01,Quantity,Ensemble,0.023807555288774807
CFPO-239,Control & Reagent,2026-11-01,Quantity,Ensemble,0.023807555288774807
CFPO-239,Control & Reagent,2026-12-01,Quantity,Ensemble,0.023807555288774807
CFPO-239,Control & Reagent,2027-01-01,Quantity,Ensemble,0.023807555288774807
CFPO-239,Control & Reagent,2027-02-01,Quantity,Ensemble,0.023807555288774807
CFPO-239,Control & Reagent,2027-03-01,Quantity,Ensemble,0.023807555288774807
CFPO-239,Control & Reagent,2027-04-01,Quantity,Ensemble,0.023807555288774807
CFPO-239,Control & Reagent,2027-05-01,Quantity,Ensemble,0.023807555288774807
CFPO-239,Control & Reagent,2027-06-01,Quantity,Ensemble,0.023807555288774807
CFPO-239,Control & Reagent,2027-07-01,Quantity,Ensemble,0.023807555288774807
CFPO-239,Control & Reagent,2027-08-01,Quantity,Ensemble,0.023807555288774807
CFPO-239,Control & Reagent,2027-09-01,Quantity,Ensemble,0.023807555288774807
CFPO-239,Control & Reagent,2027-10-01,Quantity,Ensemble,0.023807555288774807
CFPO-239,Control & Reagent,2027-11-01,Quantity,Ensemble,0.023807555288774807
CFPO-239,Control & Reagent,2027-12-01,Quantity,Ensemble,0.023807555288774807
CFPO-239,Control & Reagent,2026-10-01,Revenue,Ensemble,0
CFPO-239,Control & Reagent,2026-11-01,Revenue,Ensemble,0
CFPO-239,Control & Reagent,2026-12-01,Revenue,Ensemble,0
CFPO-239,Control & Reagent,2027-01-01,Revenue,Ensemble,0
CFPO-239,Control & Reagent,2027-02-01,Revenue,Ensemble,0
CFPO-239,Control & Reagent,2027-03-01,Revenue,Ensemble,0
CFPO-239,Control & Reagent,2027-04-01,Revenue,Ensemble,0
CFPO-239,Control & Reagent,2027-05-01,Revenue,Ensemble,0
CFPO-239,Control & Reagent,2027-06-01,Revenue,Ensemble,0
CFPO-239,Control & Reagent,2027-07-01,Revenue,Ensemble,0
CFPO-239,Control & Reagent,2027-08-01,Revenue,Ensemble,0
CFPO-239,Control & Reagent,2027-09-01,Revenue,Ensemble,0
CFPO-239,Control & Reagent,2027-10-01,Revenue,Ensemble,0
CFPO-239,Control & Reagent,2027-11-01,Revenue,Ensemble,0
CFPO-239,Control & Reagent,2027-12-01,Revenue,Ensemble,0
CFPO-243,Control & Reagent,2026-10-01,Quantity,Ensemble,0.023808964694687407
CFPO-243,Control & Reagent,2026-11-01,Quantity,Ensemble,0.023808964694687407
CFPO-243,Control & Reagent,2026-12-01,Quantity,Ensemble,0.023808964694687407
CFPO-243,Control & Reagent,2027-01-01,Quantity,Ensemble,0.023808964694687407
CFPO-243,Control & Reagent,2027-02-01,Quantity,Ensemble,0.023808964694687407
CFPO-243,Control & Reagent,2027-03-01,Quantity,Ensemble,0.023808964694687407
CFPO-243,Control & Reagent,2027-04-01,Quantity,Ensemble,0.023808964694687407
CFPO-243,Control & Reagent,2027-05-01,Quantity,Ensemble,0.023808964694687407
CFPO-243,Control & Reagent,2027-06-01,Quantity,Ensemble,0.023808964694687407
CFPO-243,Control & Reagent,2027-07-01,Quantity,Ensemble,0.023808964694687407
CFPO-243,Control & Reagent,2027-08-01,Quantity,Ensemble,0.023808964694687407
CFPO-243,Control & Reagent,2027-09-01,Quantity,Ensemble,0.023808964694687407
CFPO-243,Control & Reagent,2027-10-01,Quantity,Ensemble,0.023808964694687407
CFPO-243,Control & Reagent,2027-11-01,Quantity,Ensemble,0.023808964694687407
CFPO-243,Control & Reagent,2027-12-01,Quantity,Ensemble,0.023808964694687407
CFPO-243,Control & Reagent,2026-10-01,Revenue,Ensemble,9.524206298355892
CFPO-243,Control & Reagent,2026-11-01,Revenue,Ensemble,9.524206298355892
CFPO-243,Control & Reagent,2026-12-01,Revenue,Ensemble,9.524206298355892
CFPO-243,Control & Reagent,2027-01-01,Revenue,Ensemble,9.524206298355892
CFPO-243,Control & Reagent,2027-02-01,Revenue,Ensemble,9.524206298355892
CFPO-243,Control & Reagent,2027-03-01,Revenue,Ensemble,9.524206298355892
CFPO-243,Control & Reagent,2027-04-01,Revenue,Ensemble,9.524206298355892
CFPO-243,Control & Reagent,2027-05-01,Revenue,Ensemble,9.524206298355892
CFPO-243,Control & Reagent,2027-06-01,Revenue,Ensemble,9.524206298355892
CFPO-243,Control & Reagent,2027-07-01,Revenue,Ensemble,9.524206298355892
CFPO-243,Control & Reagent,2027-08-01,Revenue,Ensemble,9.524206298355892
CFPO-243,Control & Reagent,2027-09-01,Revenue,Ensemble,9.524206298355892
CFPO-243,Control & Reagent,2027-10-01,Revenue,Ensemble,9.524206298355892
CFPO-243,Control & Reagent,2027-11-01,Revenue,Ensemble,9.524206298355892
CFPO-243,Control & Reagent,2027-12-01,Revenue,Ensemble,9.524206298355892
CFPO-245,Control & Reagent,2026-10-01,Quantity,Ensemble,0.14284504395504866
CFPO-245,Control & Reagent,2026-11-01,Quantity,Ensemble,0.14284504395504866
CFPO-245,Control & Reagent,2026-12-01,Quantity,Ensemble,0.14284504395504866
CFPO-245,Control & Reagent,2027-01-01,Quantity,Ensemble,0.14284504395504866
CFPO-245,Control & Reagent,2027-02-01,Quantity,Ensemble,0.14284504395504866
CFPO-245,Control & Reagent,2027-03-01,Quantity,Ensemble,0.14284504395504866
CFPO-245,Control & Reagent,2027-04-01,Quantity,Ensemble,0.14284504395504866
CFPO-245,Control & Reagent,2027-05-01,Quantity,Ensemble,0.14284504395504866
CFPO-245,Control & Reagent,2027-06-01,Quantity,Ensemble,0.14284504395504866
CFPO-245,Control & Reagent,2027-07-01,Quantity,Ensemble,0.14284504395504866
CFPO-245,Control & Reagent,2027-08-01,Quantity,Ensemble,0.14284504395504866
CFPO-245,Control & Reagent,2027-09-01,Quantity,Ensemble,0.14284504395504866
CFPO-245,Control & Reagent,2027-10-01,Quantity,Ensemble,0.14284504395504866
CFPO-245,Control & Reagent,2027-11-01,Quantity,Ensemble,0.14284504395504866
CFPO-245,Control & Reagent,2027-12-01,Quantity,Ensemble,0.14284504395504866
CFPO-245,Control & Reagent,2026-10-01,Revenue,Ensemble,9.524139595224836
CFPO-245,Control & Reagent,2026-11-01,Revenue,Ensemble,9.524139595224836
CFPO-245,Control & Reagent,2026-12-01,Revenue,Ensemble,9.524139595224836
CFPO-245,Control & Reagent,2027-01-01,Revenue,Ensemble,9.524139595224836
CFPO-245,Control & Reagent,2027-02-01,Revenue,Ensemble,9.524139595224836
CFPO-245,Control & Reagent,2027-03-01,Revenue,Ensemble,9.524139595224836
CFPO-245,Control & Reagent,2027-04-01,Revenue,Ensemble,9.524139595224836
CFPO-245,Control & Reagent,2027-05-01,Revenue,Ensemble,9.524139595224836
CFPO-245,Control & Reagent,2027-06-01,Revenue,Ensemble,9.524139595224836
CFPO-245,Control & Reagent,2027-07-01,Revenue,Ensemble,9.524139595224836
CFPO-245,Control & Reagent,2027-08-01,Revenue,Ensemble,9.524139595224836
CFPO-245,Control & Reagent,2027-09-01,Revenue,Ensemble,9.524139595224836
CFPO-245,Control & Reagent,2027-10-01,Revenue,Ensemble,9.524139595224836
CFPO-245,Control & Reagent,2027-11-01,Revenue,Ensemble,9.524139595224836
CFPO-245,Control & Reagent,2027-12-01,Revenue,Ensemble,9.524139595224836
CFPO-294,Control & Reagent,2026-10-01,Quantity,Ensemble,0.04762749560027455
CFPO-294,Control & Reagent,2026-11-01,Quantity,Ensemble,0.04762749560027455
CFPO-294,Control & Reagent,2026-12-01,Quantity,Ensemble,0.04762749560027455
CFPO-294,Control & Reagent,2027-01-01,Quantity,Ensemble,0.04762749560027455
CFPO-294,Control & Reagent,2027-02-01,Quantity,Ensemble,0.04762749560027455
CFPO-294,Control & Reagent,2027-03-01,Quantity,Ensemble,0.04762749560027455
CFPO-294,Control & Reagent,2027-04-01,Quantity,Ensemble,0.04762749560027455
CFPO-294,Control & Reagent,2027-05-01,Quantity,Ensemble,0.04762749560027455
CFPO-294,Control & Reagent,2027-06-01,Quantity,Ensemble,0.04762749560027455
CFPO-294,Control & Reagent,2027-07-01,Quantity,Ensemble,0.04762749560027455
CFPO-294,Control & Reagent,2027-08-01,Quantity,Ensemble,0.04762749560027455
CFPO-294,Control & Reagent,2027-09-01,Quantity,Ensemble,0.04762749560027455
CFPO-294,Control & Reagent,2027-10-01,Quantity,Ensemble,0.04762749560027455
CFPO-294,Control & Reagent,2027-11-01,Quantity,Ensemble,0.04762749560027455
CFPO-294,Control & Reagent,2027-12-01,Quantity,Ensemble,0.04762749560027455
CFPO-294,Control & Reagent,2026-10-01,Revenue,Ensemble,7.143794496764257
CFPO-294,Control & Reagent,2026-11-01,Revenue,Ensemble,7.143794496764257
CFPO-294,Control & Reagent,2026-12-01,Revenue,Ensemble,7.143794496764257
CFPO-294,Control & Reagent,2027-01-01,Revenue,Ensemble,7.143794496764257
CFPO-294,Control & Reagent,2027-02-01,Revenue,Ensemble,7.143794496764257
CFPO-294,Control & Reagent,2027-03-01,Revenue,Ensemble,7.143794496764257
CFPO-294,Control & Reagent,2027-04-01,Revenue,Ensemble,7.143794496764257
CFPO-294,Control & Reagent,2027-05-01,Revenue,Ensemble,7.143794496764257
CFPO-294,Control & Reagent,2027-06-01,Revenue,Ensemble,7.143794496764257
CFPO-294,Control & Reagent,2027-07-01,Revenue,Ensemble,7.143794496764257
CFPO-294,Control & Reagent,2027-08-01,Revenue,Ensemble,7.143794496764257
CFPO-294,Control & Reagent,2027-09-01,Revenue,Ensemble,7.143794496764257
CFPO-294,Control & Reagent,2027-10-01,Revenue,Ensemble,7.143794496764257
CFPO-294,Control & Reagent,2027-11-01,Revenue,Ensemble,7.143794496764257
CFPO-294,Control & Reagent,2027-12-01,Revenue,Ensemble,7.143794496764257
CFPO-299,Control & Reagent,2026-10-01,Quantity,Ensemble,0.5986762123297684
CFPO-299,Control & Reagent,2026-11-01,Quantity,Ensemble,0.5488072354328946
CFPO-299,Control & Reagent,2026-12-01,Quantity,Ensemble,0.5488072354328946
CFPO-299,Control & Reagent,2027-01-01,Quantity,Ensemble,0.5488072354328946
CFPO-299,Control & Reagent,2027-02-01,Quantity,Ensemble,0.5488072354328946
CFPO-299,Control & Reagent,2027-03-01,Quantity,Ensemble,0.5488072354328946
CFPO-299,Control & Reagent,2027-04-01,Quantity,Ensemble,0.5488072354328946
CFPO-299,Control & Reagent,2027-05-01,Quantity,Ensemble,0.5488072354328946
CFPO-299,Control & Reagent,2027-06-01,Quantity,Ensemble,0.5488072354328946
CFPO-299,Control & Reagent,2027-07-01,Quantity,Ensemble,0.5488072354328946
CFPO-299,Control & Reagent,2027-08-01,Quantity,Ensemble,0.5488072354328946
CFPO-299,Control & Reagent,2027-09-01,Quantity,Ensemble,0.5488072354328946
CFPO-299,Control & Reagent,2027-10-01,Quantity,Ensemble,0.5488072354328946
CFPO-299,Control & Reagent,2027-11-01,Quantity,Ensemble,0.5488072354328946
CFPO-299,Control & Reagent,2027-12-01,Quantity,Ensemble,0.5488072354328946
CFPO-299,Control & Reagent,2026-10-01,Revenue,Ensemble,102.15630997116058
CFPO-299,Control & Reagent,2026-11-01,Revenue,Ensemble,100.04989326818753
CFPO-299,Control & Reagent,2026-12-01,Revenue,Ensemble,100.04989326818753
CFPO-299,Control & Reagent,2027-01-01,Revenue,Ensemble,100.04989326818753
CFPO-299,Control & Reagent,2027-02-01,Revenue,Ensemble,100.04989326818753
CFPO-299,Control & Reagent,2027-03-01,Revenue,Ensemble,100.04989326818753
CFPO-299,Control & Reagent,2027-04-01,Revenue,Ensemble,100.04989326818753
CFPO-299,Control & Reagent,2027-05-01,Revenue,Ensemble,100.04989326818753
CFPO-299,Control & Reagent,2027-06-01,Revenue,Ensemble,100.04989326818753
CFPO-299,Control & Reagent,2027-07-01,Revenue,Ensemble,100.04989326818753
CFPO-299,Control & Reagent,2027-08-01,Revenue,Ensemble,100.04989326818753
CFPO-299,Control & Reagent,2027-09-01,Revenue,Ensemble,100.04989326818753
CFPO-299,Control & Reagent,2027-10-01,Revenue,Ensemble,100.04989326818753
CFPO-299,Control & Reagent,2027-11-01,Revenue,Ensemble,100.04989326818753
CFPO-299,Control & Reagent,2027-12-01,Revenue,Ensemble,100.04989326818753
CFPO-300,Control & Reagent,2026-10-01,Quantity,Ensemble,0.023809556444151142
CFPO-300,Control & Reagent,2026-11-01,Quantity,Ensemble,0.023809556444151142
CFPO-300,Control & Reagent,2026-12-01,Quantity,Ensemble,0.023809556444151142
CFPO-300,Control & Reagent,2027-01-01,Quantity,Ensemble,0.023809556444151142
CFPO-300,Control & Reagent,2027-02-01,Quantity,Ensemble,0.023809556444151142
CFPO-300,Control & Reagent,2027-03-01,Quantity,Ensemble,0.023809556444151142
CFPO-300,Control & Reagent,2027-04-01,Quantity,Ensemble,0.023809556444151142
CFPO-300,Control & Reagent,2027-05-01,Quantity,Ensemble,0.023809556444151142
CFPO-300,Control & Reagent,2027-06-01,Quantity,Ensemble,0.023809556444151142
CFPO-300,Control & Reagent,2027-07-01,Quantity,Ensemble,0.023809556444151142
CFPO-300,Control & Reagent,2027-08-01,Quantity,Ensemble,0.023809556444151142
CFPO-300,Control & Reagent,2027-09-01,Quantity,Ensemble,0.023809556444151142
CFPO-300,Control & Reagent,2027-10-01,Quantity,Ensemble,0.023809556444151142
CFPO-300,Control & Reagent,2027-11-01,Quantity,Ensemble,0.023809556444151142
CFPO-300,Control & Reagent,2027-12-01,Quantity,Ensemble,0.023809556444151142
CFPO-300,Control & Reagent,2026-10-01,Revenue,Ensemble,5.012359177355545
CFPO-300,Control & Reagent,2026-11-01,Revenue,Ensemble,5.012359177355545
CFPO-300,Control & Reagent,2026-12-01,Revenue,Ensemble,5.012359177355545
CFPO-300,Control & Reagent,2027-01-01,Revenue,Ensemble,5.012359177355545
CFPO-300,Control & Reagent,2027-02-01,Revenue,Ensemble,5.012359177355545
CFPO-300,Control & Reagent,2027-03-01,Revenue,Ensemble,5.012359177355545
CFPO-300,Control & Reagent,2027-04-01,Revenue,Ensemble,5.012359177355545
CFPO-300,Control & Reagent,2027-05-01,Revenue,Ensemble,5.012359177355545
CFPO-300,Control & Reagent,2027-06-01,Revenue,Ensemble,5.012359177355545
CFPO-300,Control & Reagent,2027-07-01,Revenue,Ensemble,5.012359177355545
CFPO-300,Control & Reagent,2027-08-01,Revenue,Ensemble,5.012359177355545
CFPO-300,Control & Reagent,2027-09-01,Revenue,Ensemble,5.012359177355545
CFPO-300,Control & Reagent,2027-10-01,Revenue,Ensemble,5.012359177355545
CFPO-300,Control & Reagent,2027-11-01,Revenue,Ensemble,5.012359177355545
CFPO-300,Control & Reagent,2027-12-01,Revenue,Ensemble,5.012359177355545
CFPO-306,Control & Reagent,2026-10-01,Quantity,Ensemble,0.023807668111616928
CFPO-306,Control & Reagent,2026-11-01,Quantity,Ensemble,0.023807668111616928
CFPO-306,Control & Reagent,2026-12-01,Quantity,Ensemble,0.023807668111616928
CFPO-306,Control & Reagent,2027-01-01,Quantity,Ensemble,0.023807668111616928
CFPO-306,Control & Reagent,2027-02-01,Quantity,Ensemble,0.023807668111616928
CFPO-306,Control & Reagent,2027-03-01,Quantity,Ensemble,0.023807668111616928
CFPO-306,Control & Reagent,2027-04-01,Quantity,Ensemble,0.023807668111616928
CFPO-306,Control & Reagent,2027-05-01,Quantity,Ensemble,0.023807668111616928
CFPO-306,Control & Reagent,2027-06-01,Quantity,Ensemble,0.023807668111616928
CFPO-306,Control & Reagent,2027-07-01,Quantity,Ensemble,0.023807668111616928
CFPO-306,Control & Reagent,2027-08-01,Quantity,Ensemble,0.023807668111616928
CFPO-306,Control & Reagent,2027-09-01,Quantity,Ensemble,0.023807668111616928
CFPO-306,Control & Reagent,2027-10-01,Quantity,Ensemble,0.023807668111616928
CFPO-306,Control & Reagent,2027-11-01,Quantity,Ensemble,0.023807668111616928
CFPO-306,Control & Reagent,2027-12-01,Quantity,Ensemble,0.023807668111616928
CFPO-306,Control & Reagent,2026-10-01,Revenue,Ensemble,4.764979832882331
CFPO-306,Control & Reagent,2026-11-01,Revenue,Ensemble,4.764979832882331
CFPO-306,Control & Reagent,2026-12-01,Revenue,Ensemble,4.764979832882331
CFPO-306,Control & Reagent,2027-01-01,Revenue,Ensemble,4.764979832882331
CFPO-306,Control & Reagent,2027-02-01,Revenue,Ensemble,4.764979832882331
CFPO-306,Control & Reagent,2027-03-01,Revenue,Ensemble,4.764979832882331
CFPO-306,Control & Reagent,2027-04-01,Revenue,Ensemble,4.764979832882331
CFPO-306,Control & Reagent,2027-05-01,Revenue,Ensemble,4.764979832882331
CFPO-306,Control & Reagent,2027-06-01,Revenue,Ensemble,4.764979832882331
CFPO-306,Control & Reagent,2027-07-01,Revenue,Ensemble,4.764979832882331
CFPO-306,Control & Reagent,2027-08-01,Revenue,Ensemble,4.764979832882331
CFPO-306,Control & Reagent,2027-09-01,Revenue,Ensemble,4.764979832882331
CFPO-306,Control & Reagent,2027-10-01,Revenue,Ensemble,4.764979832882331
CFPO-306,Control & Reagent,2027-11-01,Revenue,Ensemble,4.764979832882331
CFPO-306,Control & Reagent,2027-12-01,Revenue,Ensemble,4.764979832882331
CFPO-366,Control & Reagent,2026-10-01,Quantity,Ensemble,0.023808964694687407
CFPO-366,Control & Reagent,2026-11-01,Quantity,Ensemble,0.023808964694687407
CFPO-366,Control & Reagent,2026-12-01,Quantity,Ensemble,0.023808964694687407
CFPO-366,Control & Reagent,2027-01-01,Quantity,Ensemble,0.023808964694687407
CFPO-366,Control & Reagent,2027-02-01,Quantity,Ensemble,0.023808964694687407
CFPO-366,Control & Reagent,2027-03-01,Quantity,Ensemble,0.023808964694687407
CFPO-366,Control & Reagent,2027-04-01,Quantity,Ensemble,0.023808964694687407
CFPO-366,Control & Reagent,2027-05-01,Quantity,Ensemble,0.023808964694687407
CFPO-366,Control & Reagent,2027-06-01,Quantity,Ensemble,0.023808964694687407
CFPO-366,Control & Reagent,2027-07-01,Quantity,Ensemble,0.023808964694687407
CFPO-366,Control & Reagent,2027-08-01,Quantity,Ensemble,0.023808964694687407
CFPO-366,Control & Reagent,2027-09-01,Quantity,Ensemble,0.023808964694687407
CFPO-366,Control & Reagent,2027-10-01,Quantity,Ensemble,0.023808964694687407
CFPO-366,Control & Reagent,2027-11-01,Quantity,Ensemble,0.023808964694687407
CFPO-366,Control & Reagent,2027-12-01,Quantity,Ensemble,0.023808964694687407
CFPO-366,Control & Reagent,2026-10-01,Revenue,Ensemble,11.447384409877698
CFPO-366,Control & Reagent,2026-11-01,Revenue,Ensemble,11.447384409877698
CFPO-366,Control & Reagent,2026-12-01,Revenue,Ensemble,11.447384409877698
CFPO-366,Control & Reagent,2027-01-01,Revenue,Ensemble,11.447384409877698
CFPO-366,Control & Reagent,2027-02-01,Revenue,Ensemble,11.447384409877698
CFPO-366,Control & Reagent,2027-03-01,Revenue,Ensemble,11.447384409877698
CFPO-366,Control & Reagent,2027-04-01,Revenue,Ensemble,11.447384409877698
CFPO-366,Control & Reagent,2027-05-01,Revenue,Ensemble,11.447384409877698
CFPO-366,Control & Reagent,2027-06-01,Revenue,Ensemble,11.447384409877698
CFPO-366,Control & Reagent,2027-07-01,Revenue,Ensemble,11.447384409877698
CFPO-366,Control & Reagent,2027-08-01,Revenue,Ensemble,11.447384409877698
CFPO-366,Control & Reagent,2027-09-01,Revenue,Ensemble,11.447384409877698
CFPO-366,Control & Reagent,2027-10-01,Revenue,Ensemble,11.447384409877698
CFPO-366,Control & Reagent,2027-11-01,Revenue,Ensemble,11.447384409877698
CFPO-366,Control & Reagent,2027-12-01,Revenue,Ensemble,11.447384409877698
CFPO-374,Control & Reagent,2026-10-01,Quantity,Ensemble,0.023807066078374406
CFPO-374,Control & Reagent,2026-11-01,Quantity,Ensemble,0.023807066078374406
CFPO-374,Control & Reagent,2026-12-01,Quantity,Ensemble,0.023807066078374406
CFPO-374,Control & Reagent,2027-01-01,Quantity,Ensemble,0.023807066078374406
CFPO-374,Control & Reagent,2027-02-01,Quantity,Ensemble,0.023807066078374406
CFPO-374,Control & Reagent,2027-03-01,Quantity,Ensemble,0.023807066078374406
CFPO-374,Control & Reagent,2027-04-01,Quantity,Ensemble,0.023807066078374406
CFPO-374,Control & Reagent,2027-05-01,Quantity,Ensemble,0.023807066078374406
CFPO-374,Control & Reagent,2027-06-01,Quantity,Ensemble,0.023807066078374406
CFPO-374,Control & Reagent,2027-07-01,Quantity,Ensemble,0.023807066078374406
CFPO-374,Control & Reagent,2027-08-01,Quantity,Ensemble,0.023807066078374406
CFPO-374,Control & Reagent,2027-09-01,Quantity,Ensemble,0.023807066078374406
CFPO-374,Control & Reagent,2027-10-01,Quantity,Ensemble,0.023807066078374406
CFPO-374,Control & Reagent,2027-11-01,Quantity,Ensemble,0.023807066078374406
CFPO-374,Control & Reagent,2027-12-01,Quantity,Ensemble,0.023807066078374406
CFPO-374,Control & Reagent,2026-10-01,Revenue,Ensemble,3.8132406513884756
CFPO-374,Control & Reagent,2026-11-01,Revenue,Ensemble,3.8132406513884756
CFPO-374,Control & Reagent,2026-12-01,Revenue,Ensemble,3.8132406513884756
CFPO-374,Control & Reagent,2027-01-01,Revenue,Ensemble,3.8132406513884756
CFPO-374,Control & Reagent,2027-02-01,Revenue,Ensemble,3.8132406513884756
CFPO-374,Control & Reagent,2027-03-01,Revenue,Ensemble,3.8132406513884756
CFPO-374,Control & Reagent,2027-04-01,Revenue,Ensemble,3.8132406513884756
CFPO-374,Control & Reagent,2027-05-01,Revenue,Ensemble,3.8132406513884756
CFPO-374,Control & Reagent,2027-06-01,Revenue,Ensemble,3.8132406513884756
CFPO-374,Control & Reagent,2027-07-01,Revenue,Ensemble,3.8132406513884756
CFPO-374,Control & Reagent,2027-08-01,Revenue,Ensemble,3.8132406513884756
CFPO-374,Control & Reagent,2027-09-01,Revenue,Ensemble,3.8132406513884756
CFPO-374,Control & Reagent,2027-10-01,Revenue,Ensemble,3.8132406513884756
CFPO-374,Control & Reagent,2027-11-01,Revenue,Ensemble,3.8132406513884756
CFPO-374,Control & Reagent,2027-12-01,Revenue,Ensemble,3.8132406513884756
CFPO-97,Control & Reagent,2026-10-01,Quantity,Ensemble,0.023807668111616928
CFPO-97,Control & Reagent,2026-11-01,Quantity,Ensemble,0.023807668111616928
CFPO-97,Control & Reagent,2026-12-01,Quantity,Ensemble,0.023807668111616928
CFPO-97,Control & Reagent,2027-01-01,Quantity,Ensemble,0.023807668111616928
CFPO-97,Control & Reagent,2027-02-01,Quantity,Ensemble,0.023807668111616928
CFPO-97,Control & Reagent,2027-03-01,Quantity,Ensemble,0.023807668111616928
CFPO-97,Control & Reagent,2027-04-01,Quantity,Ensemble,0.023807668111616928
CFPO-97,Control & Reagent,2027-05-01,Quantity,Ensemble,0.023807668111616928
CFPO-97,Control & Reagent,2027-06-01,Quantity,Ensemble,0.023807668111616928
CFPO-97,Control & Reagent,2027-07-01,Quantity,Ensemble,0.023807668111616928
CFPO-97,Control & Reagent,2027-08-01,Quantity,Ensemble,0.023807668111616928
CFPO-97,Control & Reagent,2027-09-01,Quantity,Ensemble,0.023807668111616928
CFPO-97,Control & Reagent,2027-10-01,Quantity,Ensemble,0.023807668111616928
CFPO-97,Control & Reagent,2027-11-01,Quantity,Ensemble,0.023807668111616928
CFPO-97,Control & Reagent,2027-12-01,Quantity,Ensemble,0.023807668111616928
CFPO-97,Control & Reagent,2026-10-01,Revenue,Ensemble,4.764979832882331
CFPO-97,Control & Reagent,2026-11-01,Revenue,Ensemble,4.764979832882331
CFPO-97,Control & Reagent,2026-12-01,Revenue,Ensemble,4.764979832882331
CFPO-97,Control & Reagent,2027-01-01,Revenue,Ensemble,4.764979832882331
CFPO-97,Control & Reagent,2027-02-01,Revenue,Ensemble,4.764979832882331
CFPO-97,Control & Reagent,2027-03-01,Revenue,Ensemble,4.764979832882331
CFPO-97,Control & Reagent,2027-04-01,Revenue,Ensemble,4.764979832882331
CFPO-97,Control & Reagent,2027-05-01,Revenue,Ensemble,4.764979832882331
CFPO-97,Control & Reagent,2027-06-01,Revenue,Ensemble,4.764979832882331
CFPO-97,Control & Reagent,2027-07-01,Revenue,Ensemble,4.764979832882331
CFPO-97,Control & Reagent,2027-08-01,Revenue,Ensemble,4.764979832882331
CFPO-97,Control & Reagent,2027-09-01,Revenue,Ensemble,4.764979832882331
CFPO-97,Control & Reagent,2027-10-01,Revenue,Ensemble,4.764979832882331
CFPO-97,Control & Reagent,2027-11-01,Revenue,Ensemble,4.764979832882331
CFPO-97,Control & Reagent,2027-12-01,Revenue,Ensemble,4.764979832882331
CMRT149,Other,2026-10-01,Quantity,Ensemble,0.23813999488413545
CMRT149,Other,2026-11-01,Quantity,Ensemble,0.23813999488413545
CMRT149,Other,2026-12-01,Quantity,Ensemble,0.23813999488413545
CMRT149,Other,2027-01-01,Quantity,Ensemble,0.23813999488413545
CMRT149,Other,2027-02-01,Quantity,Ensemble,0.23813999488413545
CMRT149,Other,2027-03-01,Quantity,Ensemble,0.23813999488413545
CMRT149,Other,2027-04-01,Quantity,Ensemble,0.23813999488413545
CMRT149,Other,2027-05-01,Quantity,Ensemble,0.23813999488413545
CMRT149,Other,2027-06-01,Quantity,Ensemble,0.23813999488413545
CMRT149,Other,2027-07-01,Quantity,Ensemble,0.23813999488413545
CMRT149,Other,2027-08-01,Quantity,Ensemble,0.23813999488413545
CMRT149,Other,2027-09-01,Quantity,Ensemble,0.23813999488413545
CMRT149,Other,2027-10-01,Quantity,Ensemble,0.23813999488413545
CMRT149,Other,2027-11-01,Quantity,Ensemble,0.23813999488413545
CMRT149,Other,2027-12-01,Quantity,Ensemble,0.23813999488413545
CMRT149,Other,2026-10-01,Revenue,Ensemble,4.759925863242684
CMRT149,Other,2026-11-01,Revenue,Ensemble,4.759925863242684
CMRT149,Other,2026-12-01,Revenue,Ensemble,4.759925863242684
CMRT149,Other,2027-01-01,Revenue,Ensemble,4.759925863242684
CMRT149,Other,2027-02-01,Revenue,Ensemble,4.759925863242684
CMRT149,Other,2027-03-01,Revenue,Ensemble,4.759925863242684
CMRT149,Other,2027-04-01,Revenue,Ensemble,4.759925863242684
CMRT149,Other,2027-05-01,Revenue,Ensemble,4.759925863242684
CMRT149,Other,2027-06-01,Revenue,Ensemble,4.759925863242684
CMRT149,Other,2027-07-01,Revenue,Ensemble,4.759925863242684
CMRT149,Other,2027-08-01,Revenue,Ensemble,4.759925863242684
CMRT149,Other,2027-09-01,Revenue,Ensemble,4.759925863242684
CMRT149,Other,2027-10-01,Revenue,Ensemble,4.759925863242684
CMRT149,Other,2027-11-01,Revenue,Ensemble,4.759925863242684
CMRT149,Other,2027-12-01,Revenue,Ensemble,4.759925863242684
FPRR019,Machine,2026-10-01,Quantity,Ensemble,0.07143971792288563
FPRR019,Machine,2026-11-01,Quantity,Ensemble,0.07143971792288563
FPRR019,Machine,2026-12-01,Quantity,Ensemble,0.07143971792288563
FPRR019,Machine,2027-01-01,Quantity,Ensemble,0.07143971792288563
FPRR019,Machine,2027-02-01,Quantity,Ensemble,0.07143971792288563
FPRR019,Machine,2027-03-01,Quantity,Ensemble,0.07143971792288563
FPRR019,Machine,2027-04-01,Quantity,Ensemble,0.07143971792288563
FPRR019,Machine,2027-05-01,Quantity,Ensemble,0.07143971792288563
FPRR019,Machine,2027-06-01,Quantity,Ensemble,0.07143971792288563
FPRR019,Machine,2027-07-01,Quantity,Ensemble,0.07143971792288563
FPRR019,Machine,2027-08-01,Quantity,Ensemble,0.07143971792288563
FPRR019,Machine,2027-09-01,Quantity,Ensemble,0.07143971792288563
FPRR019,Machine,2027-10-01,Quantity,Ensemble,0.07143971792288563
FPRR019,Machine,2027-11-01,Quantity,Ensemble,0.07143971792288563
FPRR019,Machine,2027-12-01,Quantity,Ensemble,0.07143971792288563
FPRR019,Machine,2026-10-01,Revenue,Ensemble,1235.1802246576565
FPRR019,Machine,2026-11-01,Revenue,Ensemble,1235.1802246576565
FPRR019,Machine,2026-12-01,Revenue,Ensemble,1235.1802246576565
FPRR019,Machine,2027-01-01,Revenue,Ensemble,1235.1802246576565
FPRR019,Machine,2027-02-01,Revenue,Ensemble,1235.1802246576565
FPRR019,Machine,2027-03-01,Revenue,Ensemble,1235.1802246576565
FPRR019,Machine,2027-04-01,Revenue,Ensemble,1235.1802246576565
FPRR019,Machine,2027-05-01,Revenue,Ensemble,1235.1802246576565
FPRR019,Machine,2027-06-01,Revenue,Ensemble,1235.1802246576565
FPRR019,Machine,2027-07-01,Revenue,Ensemble,1235.1802246576565
FPRR019,Machine,2027-08-01,Revenue,Ensemble,1235.1802246576565
FPRR019,Machine,2027-09-01,Revenue,Ensemble,1235.1802246576565
FPRR019,Machine,2027-10-01,Revenue,Ensemble,1235.1802246576565
FPRR019,Machine,2027-11-01,Revenue,Ensemble,1235.1802246576565
FPRR019,Machine,2027-12-01,Revenue,Ensemble,1235.1802246576565
FPRR040,Machine,2026-10-01,Quantity,Ensemble,0.07142013153046718
FPRR040,Machine,2026-11-01,Quantity,Ensemble,0.07142013153046718
FPRR040,Machine,2026-12-01,Quantity,Ensemble,0.07142013153046718
FPRR040,Machine,2027-01-01,Quantity,Ensemble,0.07142013153046718
FPRR040,Machine,2027-02-01,Quantity,Ensemble,0.07142013153046718
FPRR040,Machine,2027-03-01,Quantity,Ensemble,0.07142013153046718
FPRR040,Machine,2027-04-01,Quantity,Ensemble,0.07142013153046718
FPRR040,Machine,2027-05-01,Quantity,Ensemble,0.07142013153046718
FPRR040,Machine,2027-06-01,Quantity,Ensemble,0.07142013153046718
FPRR040,Machine,2027-07-01,Quantity,Ensemble,0.07142013153046718
FPRR040,Machine,2027-08-01,Quantity,Ensemble,0.07142013153046718
FPRR040,Machine,2027-09-01,Quantity,Ensemble,0.07142013153046718
FPRR040,Machine,2027-10-01,Quantity,Ensemble,0.07142013153046718
FPRR040,Machine,2027-11-01,Quantity,Ensemble,0.07142013153046718
FPRR040,Machine,2027-12-01,Quantity,Ensemble,0.07142013153046718
FPRR040,Machine,2026-10-01,Revenue,Ensemble,2073.815484417268
FPRR040,Machine,2026-11-01,Revenue,Ensemble,2073.815484417268
FPRR040,Machine,2026-12-01,Revenue,Ensemble,2073.815484417268
FPRR040,Machine,2027-01-01,Revenue,Ensemble,2073.815484417268
FPRR040,Machine,2027-02-01,Revenue,Ensemble,2073.815484417268
FPRR040,Machine,2027-03-01,Revenue,Ensemble,2073.815484417268
FPRR040,Machine,2027-04-01,Revenue,Ensemble,2073.815484417268
FPRR040,Machine,2027-05-01,Revenue,Ensemble,2073.815484417268
FPRR040,Machine,2027-06-01,Revenue,Ensemble,2073.815484417268
FPRR040,Machine,2027-07-01,Revenue,Ensemble,2073.815484417268
FPRR040,Machine,2027-08-01,Revenue,Ensemble,2073.815484417268
FPRR040,Machine,2027-09-01,Revenue,Ensemble,2073.815484417268
FPRR040,Machine,2027-10-01,Revenue,Ensemble,2073.815484417268
FPRR040,Machine,2027-11-01,Revenue,Ensemble,2073.815484417268
FPRR040,Machine,2027-12-01,Revenue,Ensemble,2073.815484417268
ISO-SERVICE,Control & Reagent,2026-10-01,Quantity,Ensemble,0.023808964694687407
ISO-SERVICE,Control & Reagent,2026-11-01,Quantity,Ensemble,0.023808964694687407
ISO-SERVICE,Control & Reagent,2026-12-01,Quantity,Ensemble,0.023808964694687407
ISO-SERVICE,Control & Reagent,2027-01-01,Quantity,Ensemble,0.023808964694687407
ISO-SERVICE,Control & Reagent,2027-02-01,Quantity,Ensemble,0.023808964694687407
ISO-SERVICE,Control & Reagent,2027-03-01,Quantity,Ensemble,0.023808964694687407
ISO-SERVICE,Control & Reagent,2027-04-01,Quantity,Ensemble,0.023808964694687407
ISO-SERVICE,Control & Reagent,2027-05-01,Quantity,Ensemble,0.023808964694687407
ISO-SERVICE,Control & Reagent,2027-06-01,Quantity,Ensemble,0.023808964694687407
ISO-SERVICE,Control & Reagent,2027-07-01,Quantity,Ensemble,0.023808964694687407
ISO-SERVICE,Control & Reagent,2027-08-01,Quantity,Ensemble,0.023808964694687407
ISO-SERVICE,Control & Reagent,2027-09-01,Quantity,Ensemble,0.023808964694687407
ISO-SERVICE,Control & Reagent,2027-10-01,Quantity,Ensemble,0.023808964694687407
ISO-SERVICE,Control & Reagent,2027-11-01,Quantity,Ensemble,0.023808964694687407
ISO-SERVICE,Control & Reagent,2027-12-01,Quantity,Ensemble,0.023808964694687407
ISO-SERVICE,Control & Reagent,2026-10-01,Revenue,Ensemble,23.767325263531365
ISO-SERVICE,Control & Reagent,2026-11-01,Revenue,Ensemble,23.767325263531365
ISO-SERVICE,Control & Reagent,2026-12-01,Revenue,Ensemble,23.767325263531365
ISO-SERVICE,Control & Reagent,2027-01-01,Revenue,Ensemble,23.767325263531365
ISO-SERVICE,Control & Reagent,2027-02-01,Revenue,Ensemble,23.767325263531365
ISO-SERVICE,Control & Reagent,2027-03-01,Revenue,Ensemble,23.767325263531365
ISO-SERVICE,Control & Reagent,2027-04-01,Revenue,Ensemble,23.767325263531365
ISO-SERVICE,Control & Reagent,2027-05-01,Revenue,Ensemble,23.767325263531365
ISO-SERVICE,Control & Reagent,2027-06-01,Revenue,Ensemble,23.767325263531365
ISO-SERVICE,Control & Reagent,2027-07-01,Revenue,Ensemble,23.767325263531365
ISO-SERVICE,Control & Reagent,2027-08-01,Revenue,Ensemble,23.767325263531365
ISO-SERVICE,Control & Reagent,2027-09-01,Revenue,Ensemble,23.767325263531365
ISO-SERVICE,Control & Reagent,2027-10-01,Revenue,Ensemble,23.767325263531365
ISO-SERVICE,Control & Reagent,2027-11-01,Revenue,Ensemble,23.767325263531365
ISO-SERVICE,Control & Reagent,2027-12-01,Revenue,Ensemble,23.767325263531365
SMFP-102,Control & Reagent,2026-10-01,Quantity,Ensemble,0.23787017526511994
SMFP-102,Control & Reagent,2026-11-01,Quantity,Ensemble,0.23787017526511994
SMFP-102,Control & Reagent,2026-12-01,Quantity,Ensemble,0.23787017526511994
SMFP-102,Control & Reagent,2027-01-01,Quantity,Ensemble,0.23787017526511994
SMFP-102,Control & Reagent,2027-02-01,Quantity,Ensemble,0.23787017526511994
SMFP-102,Control & Reagent,2027-03-01,Quantity,Ensemble,0.23787017526511994
SMFP-102,Control & Reagent,2027-04-01,Quantity,Ensemble,0.23787017526511994
SMFP-102,Control & Reagent,2027-05-01,Quantity,Ensemble,0.23787017526511994
SMFP-102,Control & Reagent,2027-06-01,Quantity,Ensemble,0.23787017526511994
SMFP-102,Control & Reagent,2027-07-01,Quantity,Ensemble,0.23787017526511994
SMFP-102,Control & Reagent,2027-08-01,Quantity,Ensemble,0.23787017526511994
SMFP-102,Control & Reagent,2027-09-01,Quantity,Ensemble,0.23787017526511994
SMFP-102,Control & Reagent,2027-10-01,Quantity,Ensemble,0.23787017526511994
SMFP-102,Control & Reagent,2027-11-01,Quantity,Ensemble,0.23787017526511994
SMFP-102,Control & Reagent,2027-12-01,Quantity,Ensemble,0.23787017526511994
SMFP-102,Control & Reagent,2026-10-01,Revenue,Ensemble,0
SMFP-102,Control & Reagent,2026-11-01,Revenue,Ensemble,0
SMFP-102,Control & Reagent,2026-12-01,Revenue,Ensemble,0
SMFP-102,Control & Reagent,2027-01-01,Revenue,Ensemble,0
SMFP-102,Control & Reagent,2027-02-01,Revenue,Ensemble,0
SMFP-102,Control & Reagent,2027-03-01,Revenue,Ensemble,0
SMFP-102,Control & Reagent,2027-04-01,Revenue,Ensemble,0
SMFP-102,Control & Reagent,2027-05-01,Revenue,Ensemble,0
SMFP-102,Control & Reagent,2027-06-01,Revenue,Ensemble,0
SMFP-102,Control & Reagent,2027-07-01,Revenue,Ensemble,0
SMFP-102,Control & Reagent,2027-08-01,Revenue,Ensemble,0
SMFP-102,Control & Reagent,2027-09-01,Revenue,Ensemble,0
SMFP-102,Control & Reagent,2027-10-01,Revenue,Ensemble,0
SMFP-102,Control & Reagent,2027-11-01,Revenue,Ensemble,0
SMFP-102,Control & Reagent,2027-12-01,Revenue,Ensemble,0
SMFP-108,Control & Reagent,2026-10-01,Quantity,Ensemble,3.4388186102017544
SMFP-108,Control & Reagent,2026-11-01,Quantity,Ensemble,3.4388186102017544
SMFP-108,Control & Reagent,2026-12-01,Quantity,Ensemble,3.4388186102017544
SMFP-108,Control & Reagent,2027-01-01,Quantity,Ensemble,3.4388186102017544
SMFP-108,Control & Reagent,2027-02-01,Quantity,Ensemble,3.4388186102017544
SMFP-108,Control & Reagent,2027-03-01,Quantity,Ensemble,3.4388186102017544
SMFP-108,Control & Reagent,2027-04-01,Quantity,Ensemble,3.4388186102017544
SMFP-108,Control & Reagent,2027-05-01,Quantity,Ensemble,3.4388186102017544
SMFP-108,Control & Reagent,2027-06-01,Quantity,Ensemble,3.4388186102017544
SMFP-108,Control & Reagent,2027-07-01,Quantity,Ensemble,3.4388186102017544
SMFP-108,Control & Reagent,2027-08-01,Quantity,Ensemble,3.4388186102017544
SMFP-108,Control & Reagent,2027-09-01,Quantity,Ensemble,3.4388186102017544
SMFP-108,Control & Reagent,2027-10-01,Quantity,Ensemble,3.4388186102017544
SMFP-108,Control & Reagent,2027-11-01,Quantity,Ensemble,3.4388186102017544
SMFP-108,Control & Reagent,2027-12-01,Quantity,Ensemble,3.4388186102017544
SMFP-108,Control & Reagent,2026-10-01,Revenue,Ensemble,2790.4858643990783
SMFP-108,Control & Reagent,2026-11-01,Revenue,Ensemble,2790.4858643990783
SMFP-108,Control & Reagent,2026-12-01,Revenue,Ensemble,2790.4858643990783
SMFP-108,Control & Reagent,2027-01-01,Revenue,Ensemble,2790.4858643990783
SMFP-108,Control & Reagent,2027-02-01,Revenue,Ensemble,2790.4858643990783
SMFP-108,Control & Reagent,2027-03-01,Revenue,Ensemble,2790.4858643990783
SMFP-108,Control & Reagent,2027-04-01,Revenue,Ensemble,2790.4858643990783
SMFP-108,Control & Reagent,2027-05-01,Revenue,Ensemble,2790.4858643990783
SMFP-108,Control & Reagent,2027-06-01,Revenue,Ensemble,2790.4858643990783
SMFP-108,Control & Reagent,2027-07-01,Revenue,Ensemble,2790.4858643990783
SMFP-108,Control & Reagent,2027-08-01,Revenue,Ensemble,2790.4858643990783
SMFP-108,Control & Reagent,2027-09-01,Revenue,Ensemble,2790.4858643990783
SMFP-108,Control & Reagent,2027-10-01,Revenue,Ensemble,2790.4858643990783
SMFP-108,Control & Reagent,2027-11-01,Revenue,Ensemble,2790.4858643990783
SMFP-108,Control & Reagent,2027-12-01,Revenue,Ensemble,2790.4858643990783
SMFP-109,Control & Reagent,2026-10-01,Quantity,Ensemble,0.23809195922208432
SMFP-109,Control & Reagent,2026-11-01,Quantity,Ensemble,0.23809195922208432
SMFP-109,Control & Reagent,2026-12-01,Quantity,Ensemble,0.23809195922208432
SMFP-109,Control & Reagent,2027-01-01,Quantity,Ensemble,0.23809195922208432
SMFP-109,Control & Reagent,2027-02-01,Quantity,Ensemble,0.23809195922208432
SMFP-109,Control & Reagent,2027-03-01,Quantity,Ensemble,0.23809195922208432
SMFP-109,Control & Reagent,2027-04-01,Quantity,Ensemble,0.23809195922208432
SMFP-109,Control & Reagent,2027-05-01,Quantity,Ensemble,0.23809195922208432
SMFP-109,Control & Reagent,2027-06-01,Quantity,Ensemble,0.23809195922208432
SMFP-109,Control & Reagent,2027-07-01,Quantity,Ensemble,0.23809195922208432
SMFP-109,Control & Reagent,2027-08-01,Quantity,Ensemble,0.23809195922208432
SMFP-109,Control & Reagent,2027-09-01,Quantity,Ensemble,0.23809195922208432
SMFP-109,Control & Reagent,2027-10-01,Quantity,Ensemble,0.23809195922208432
SMFP-109,Control & Reagent,2027-11-01,Quantity,Ensemble,0.23809195922208432
SMFP-109,Control & Reagent,2027-12-01,Quantity,Ensemble,0.23809195922208432
SMFP-109,Control & Reagent,2026-10-01,Revenue,Ensemble,33.14994363311681
SMFP-109,Control & Reagent,2026-11-01,Revenue,Ensemble,33.14994363311681
SMFP-109,Control & Reagent,2026-12-01,Revenue,Ensemble,33.14994363311681
SMFP-109,Control & Reagent,2027-01-01,Revenue,Ensemble,33.14994363311681
SMFP-109,Control & Reagent,2027-02-01,Revenue,Ensemble,33.14994363311681
SMFP-109,Control & Reagent,2027-03-01,Revenue,Ensemble,33.14994363311681
SMFP-109,Control & Reagent,2027-04-01,Revenue,Ensemble,33.14994363311681
SMFP-109,Control & Reagent,2027-05-01,Revenue,Ensemble,33.14994363311681
SMFP-109,Control & Reagent,2027-06-01,Revenue,Ensemble,33.14994363311681
SMFP-109,Control & Reagent,2027-07-01,Revenue,Ensemble,33.14994363311681
SMFP-109,Control & Reagent,2027-08-01,Revenue,Ensemble,33.14994363311681
SMFP-109,Control & Reagent,2027-09-01,Revenue,Ensemble,33.14994363311681
SMFP-109,Control & Reagent,2027-10-01,Revenue,Ensemble,33.14994363311681
SMFP-109,Control & Reagent,2027-11-01,Revenue,Ensemble,33.14994363311681
SMFP-109,Control & Reagent,2027-12-01,Revenue,Ensemble,33.14994363311681
SMFP-112,Control & Reagent,2026-10-01,Quantity,Ensemble,2.1904560532520767
SMFP-112,Control & Reagent,2026-11-01,Quantity,Ensemble,2.1904560532520767
SMFP-112,Control & Reagent,2026-12-01,Quantity,Ensemble,2.1904560532520767
SMFP-112,Control & Reagent,2027-01-01,Quantity,Ensemble,2.1904560532520767
SMFP-112,Control & Reagent,2027-02-01,Quantity,Ensemble,2.1904560532520767
SMFP-112,Control & Reagent,2027-03-01,Quantity,Ensemble,2.1904560532520767
SMFP-112,Control & Reagent,2027-04-01,Quantity,Ensemble,2.1904560532520767
SMFP-112,Control & Reagent,2027-05-01,Quantity,Ensemble,2.1904560532520767
SMFP-112,Control & Reagent,2027-06-01,Quantity,Ensemble,2.1904560532520767
SMFP-112,Control & Reagent,2027-07-01,Quantity,Ensemble,2.1904560532520767
SMFP-112,Control & Reagent,2027-08-01,Quantity,Ensemble,2.1904560532520767
SMFP-112,Control & Reagent,2027-09-01,Quantity,Ensemble,2.1904560532520767
SMFP-112,Control & Reagent,2027-10-01,Quantity,Ensemble,2.1904560532520767
SMFP-112,Control & Reagent,2027-11-01,Quantity,Ensemble,2.1904560532520767
SMFP-112,Control & Reagent,2027-12-01,Quantity,Ensemble,2.1904560532520767
SMFP-112,Control & Reagent,2026-10-01,Revenue,Ensemble,1731.4942866134902
SMFP-112,Control & Reagent,2026-11-01,Revenue,Ensemble,1731.4942866134902
SMFP-112,Control & Reagent,2026-12-01,Revenue,Ensemble,1731.4942866134902
SMFP-112,Control & Reagent,2027-01-01,Revenue,Ensemble,1731.4942866134902
SMFP-112,Control & Reagent,2027-02-01,Revenue,Ensemble,1731.4942866134902
SMFP-112,Control & Reagent,2027-03-01,Revenue,Ensemble,1731.4942866134902
SMFP-112,Control & Reagent,2027-04-01,Revenue,Ensemble,1731.4942866134902
SMFP-112,Control & Reagent,2027-05-01,Revenue,Ensemble,1731.4942866134902
SMFP-112,Control & Reagent,2027-06-01,Revenue,Ensemble,1731.4942866134902
SMFP-112,Control & Reagent,2027-07-01,Revenue,Ensemble,1731.4942866134902
SMFP-112,Control & Reagent,2027-08-01,Revenue,Ensemble,1731.4942866134902
SMFP-112,Control & Reagent,2027-09-01,Revenue,Ensemble,1731.4942866134902
SMFP-112,Control & Reagent,2027-10-01,Revenue,Ensemble,1731.4942866134902
SMFP-112,Control & Reagent,2027-11-01,Revenue,Ensemble,1731.4942866134902
SMFP-112,Control & Reagent,2027-12-01,Revenue,Ensemble,1731.4942866134902
SMFP-119,Control & Reagent,2026-10-01,Quantity,Ensemble,1.0097822359155741
SMFP-119,Control & Reagent,2026-11-01,Quantity,Ensemble,1.0097822359155741
SMFP-119,Control & Reagent,2026-12-01,Quantity,Ensemble,1.0097822359155741
SMFP-119,Control & Reagent,2027-01-01,Quantity,Ensemble,1.0097822359155741
SMFP-119,Control & Reagent,2027-02-01,Quantity,Ensemble,1.0097822359155741
SMFP-119,Control & Reagent,2027-03-01,Quantity,Ensemble,1.0097822359155741
SMFP-119,Control & Reagent,2027-04-01,Quantity,Ensemble,1.0097822359155741
SMFP-119,Control & Reagent,2027-05-01,Quantity,Ensemble,1.0097822359155741
SMFP-119,Control & Reagent,2027-06-01,Quantity,Ensemble,1.0097822359155741
SMFP-119,Control & Reagent,2027-07-01,Quantity,Ensemble,1.0097822359155741
SMFP-119,Control & Reagent,2027-08-01,Quantity,Ensemble,1.0097822359155741
SMFP-119,Control & Reagent,2027-09-01,Quantity,Ensemble,1.0097822359155741
SMFP-119,Control & Reagent,2027-10-01,Quantity,Ensemble,1.0097822359155741
SMFP-119,Control & Reagent,2027-11-01,Quantity,Ensemble,1.0097822359155741
SMFP-119,Control & Reagent,2027-12-01,Quantity,Ensemble,1.0097822359155741
SMFP-119,Control & Reagent,2026-10-01,Revenue,Ensemble,740.1866608951193
SMFP-119,Control & Reagent,2026-11-01,Revenue,Ensemble,740.1866608951193
SMFP-119,Control & Reagent,2026-12-01,Revenue,Ensemble,740.1866608951193
SMFP-119,Control & Reagent,2027-01-01,Revenue,Ensemble,740.1866608951193
SMFP-119,Control & Reagent,2027-02-01,Revenue,Ensemble,740.1866608951193
SMFP-119,Control & Reagent,2027-03-01,Revenue,Ensemble,740.1866608951193
SMFP-119,Control & Reagent,2027-04-01,Revenue,Ensemble,740.1866608951193
SMFP-119,Control & Reagent,2027-05-01,Revenue,Ensemble,740.1866608951193
SMFP-119,Control & Reagent,2027-06-01,Revenue,Ensemble,740.1866608951193
SMFP-119,Control & Reagent,2027-07-01,Revenue,Ensemble,740.1866608951193
SMFP-119,Control & Reagent,2027-08-01,Revenue,Ensemble,740.1866608951193
SMFP-119,Control & Reagent,2027-09-01,Revenue,Ensemble,740.1866608951193
SMFP-119,Control & Reagent,2027-10-01,Revenue,Ensemble,740.1866608951193
SMFP-119,Control & Reagent,2027-11-01,Revenue,Ensemble,740.1866608951193
SMFP-119,Control & Reagent,2027-12-01,Revenue,Ensemble,740.1866608951193
SMFP-128,Control & Reagent,2026-10-01,Quantity,Ensemble,4.294173387536679
SMFP-128,Control & Reagent,2026-11-01,Quantity,Ensemble,1.9881824968652149
SMFP-128,Control & Reagent,2026-12-01,Quantity,Ensemble,3.8599519649884346
SMFP-128,Control & Reagent,2027-01-01,Quantity,Ensemble,2.3406393970284993
SMFP-128,Control & Reagent,2027-02-01,Quantity,Ensemble,3.573863209293961
SMFP-128,Control & Reagent,2027-03-01,Quantity,Ensemble,2.5728572259230233
SMFP-128,Control & Reagent,2027-04-01,Quantity,Ensemble,3.385372333706821
SMFP-128,Control & Reagent,2027-05-01,Quantity,Ensemble,2.7258549968036743
SMFP-128,Control & Reagent,2027-06-01,Quantity,Ensemble,3.2611842645414972
SMFP-128,Control & Reagent,2027-07-01,Quantity,Ensemble,2.826658272787623
SMFP-128,Control & Reagent,2027-08-01,Quantity,Ensemble,3.179362391334265
SMFP-128,Control & Reagent,2027-09-01,Quantity,Ensemble,2.8930729688358596
SMFP-128,Control & Reagent,2027-10-01,Quantity,Ensemble,3.125453678684678
SMFP-128,Control & Reagent,2027-11-01,Quantity,Ensemble,2.9368305928627016
SMFP-128,Control & Reagent,2027-12-01,Quantity,Ensemble,3.0899356785996
SMFP-128,Control & Reagent,2026-10-01,Revenue,Ensemble,2935.8306034527454
SMFP-128,Control & Reagent,2026-11-01,Revenue,Ensemble,1477.1928266189225
SMFP-128,Control & Reagent,2026-12-01,Revenue,Ensemble,2625.8819975644697
SMFP-128,Control & Reagent,2027-01-01,Revenue,Ensemble,1721.2798870173956
SMFP-128,Control & Reagent,2027-02-01,Revenue,Ensemble,2433.6614425365706
SMFP-128,Control & Reagent,2027-03-01,Revenue,Ensemble,1872.6551451524006
SMFP-128,Control & Reagent,2027-04-01,Revenue,Ensemble,2314.4521895401176
SMFP-128,Control & Reagent,2027-05-01,Revenue,Ensemble,1966.5334062041393
SMFP-128,Control & Reagent,2027-06-01,Revenue,Ensemble,2240.5222916792472
SMFP-128,Control & Reagent,2027-07-01,Revenue,Ensemble,2024.7538050109142
SMFP-128,Control & Reagent,2027-08-01,Revenue,Ensemble,2194.673251773919
SMFP-128,Control & Reagent,2027-09-01,Revenue,Ensemble,2060.8602986681813
SMFP-128,Control & Reagent,2027-10-01,Revenue,Ensemble,2166.2390929144494
SMFP-128,Control & Reagent,2027-11-01,Revenue,Ensemble,2083.2524311671186
SMFP-128,Control & Reagent,2027-12-01,Revenue,Ensemble,2148.605105556917
SMFP-129,Control & Reagent,2026-10-01,Quantity,Ensemble,1.9508617134777584
SMFP-129,Control & Reagent,2026-11-01,Quantity,Ensemble,1.9508617134777584
SMFP-129,Control & Reagent,2026-12-01,Quantity,Ensemble,1.9508617134777584
SMFP-129,Control & Reagent,2027-01-01,Quantity,Ensemble,1.9508617134777584
SMFP-129,Control & Reagent,2027-02-01,Quantity,Ensemble,1.9508617134777584
SMFP-129,Control & Reagent,2027-03-01,Quantity,Ensemble,1.9508617134777584
SMFP-129,Control & Reagent,2027-04-01,Quantity,Ensemble,1.9508617134777584
SMFP-129,Control & Reagent,2027-05-01,Quantity,Ensemble,1.9508617134777584
SMFP-129,Control & Reagent,2027-06-01,Quantity,Ensemble,1.9508617134777584
SMFP-129,Control & Reagent,2027-07-01,Quantity,Ensemble,1.9508617134777584
SMFP-129,Control & Reagent,2027-08-01,Quantity,Ensemble,1.9508617134777584
SMFP-129,Control & Reagent,2027-09-01,Quantity,Ensemble,1.9508617134777584
SMFP-129,Control & Reagent,2027-10-01,Quantity,Ensemble,1.9508617134777584
SMFP-129,Control & Reagent,2027-11-01,Quantity,Ensemble,1.9508617134777584
SMFP-129,Control & Reagent,2027-12-01,Quantity,Ensemble,1.9508617134777584
SMFP-129,Control & Reagent,2026-10-01,Revenue,Ensemble,1169.3451835483893
SMFP-129,Control & Reagent,2026-11-01,Revenue,Ensemble,1169.3451835483893
SMFP-129,Control & Reagent,2026-12-01,Revenue,Ensemble,1169.3451835483893
SMFP-129,Control & Reagent,2027-01-01,Revenue,Ensemble,1169.3451835483893
SMFP-129,Control & Reagent,2027-02-01,Revenue,Ensemble,1169.3451835483893
SMFP-129,Control & Reagent,2027-03-01,Revenue,Ensemble,1169.3451835483893
SMFP-129,Control & Reagent,2027-04-01,Revenue,Ensemble,1169.3451835483893
SMFP-129,Control & Reagent,2027-05-01,Revenue,Ensemble,1169.3451835483893
SMFP-129,Control & Reagent,2027-06-01,Revenue,Ensemble,1169.3451835483893
SMFP-129,Control & Reagent,2027-07-01,Revenue,Ensemble,1169.3451835483893
SMFP-129,Control & Reagent,2027-08-01,Revenue,Ensemble,1169.3451835483893
SMFP-129,Control & Reagent,2027-09-01,Revenue,Ensemble,1169.3451835483893
SMFP-129,Control & Reagent,2027-10-01,Revenue,Ensemble,1169.3451835483893
SMFP-129,Control & Reagent,2027-11-01,Revenue,Ensemble,1169.3451835483893
SMFP-129,Control & Reagent,2027-12-01,Revenue,Ensemble,1169.3451835483893
SMFP-149,Control & Reagent,2026-10-01,Quantity,Ensemble,0.047619308815666755
SMFP-149,Control & Reagent,2026-11-01,Quantity,Ensemble,0.047619308815666755
SMFP-149,Control & Reagent,2026-12-01,Quantity,Ensemble,0.047619308815666755
SMFP-149,Control & Reagent,2027-01-01,Quantity,Ensemble,0.047619308815666755
SMFP-149,Control & Reagent,2027-02-01,Quantity,Ensemble,0.047619308815666755
SMFP-149,Control & Reagent,2027-03-01,Quantity,Ensemble,0.047619308815666755
SMFP-149,Control & Reagent,2027-04-01,Quantity,Ensemble,0.047619308815666755
SMFP-149,Control & Reagent,2027-05-01,Quantity,Ensemble,0.047619308815666755
SMFP-149,Control & Reagent,2027-06-01,Quantity,Ensemble,0.047619308815666755
SMFP-149,Control & Reagent,2027-07-01,Quantity,Ensemble,0.047619308815666755
SMFP-149,Control & Reagent,2027-08-01,Quantity,Ensemble,0.047619308815666755
SMFP-149,Control & Reagent,2027-09-01,Quantity,Ensemble,0.047619308815666755
SMFP-149,Control & Reagent,2027-10-01,Quantity,Ensemble,0.047619308815666755
SMFP-149,Control & Reagent,2027-11-01,Quantity,Ensemble,0.047619308815666755
SMFP-149,Control & Reagent,2027-12-01,Quantity,Ensemble,0.047619308815666755
SMFP-149,Control & Reagent,2026-10-01,Revenue,Ensemble,68.51547080055984
SMFP-149,Control & Reagent,2026-11-01,Revenue,Ensemble,68.51547080055984
SMFP-149,Control & Reagent,2026-12-01,Revenue,Ensemble,68.51547080055984
SMFP-149,Control & Reagent,2027-01-01,Revenue,Ensemble,68.51547080055984
SMFP-149,Control & Reagent,2027-02-01,Revenue,Ensemble,68.51547080055984
SMFP-149,Control & Reagent,2027-03-01,Revenue,Ensemble,68.51547080055984
SMFP-149,Control & Reagent,2027-04-01,Revenue,Ensemble,68.51547080055984
SMFP-149,Control & Reagent,2027-05-01,Revenue,Ensemble,68.51547080055984
SMFP-149,Control & Reagent,2027-06-01,Revenue,Ensemble,68.51547080055984
SMFP-149,Control & Reagent,2027-07-01,Revenue,Ensemble,68.51547080055984
SMFP-149,Control & Reagent,2027-08-01,Revenue,Ensemble,68.51547080055984
SMFP-149,Control & Reagent,2027-09-01,Revenue,Ensemble,68.51547080055984
SMFP-149,Control & Reagent,2027-10-01,Revenue,Ensemble,68.51547080055984
SMFP-149,Control & Reagent,2027-11-01,Revenue,Ensemble,68.51547080055984
SMFP-149,Control & Reagent,2027-12-01,Revenue,Ensemble,68.51547080055984
SMFP-161,Control & Reagent,2026-10-01,Quantity,Ensemble,0.5452545794851215
SMFP-161,Control & Reagent,2026-11-01,Quantity,Ensemble,0.5452545794851215
SMFP-161,Control & Reagent,2026-12-01,Quantity,Ensemble,0.5452545794851215
SMFP-161,Control & Reagent,2027-01-01,Quantity,Ensemble,0.5452545794851215
SMFP-161,Control & Reagent,2027-02-01,Quantity,Ensemble,0.5452545794851215
SMFP-161,Control & Reagent,2027-03-01,Quantity,Ensemble,0.5452545794851215
SMFP-161,Control & Reagent,2027-04-01,Quantity,Ensemble,0.5452545794851215
SMFP-161,Control & Reagent,2027-05-01,Quantity,Ensemble,0.5452545794851215
SMFP-161,Control & Reagent,2027-06-01,Quantity,Ensemble,0.5452545794851215
SMFP-161,Control & Reagent,2027-07-01,Quantity,Ensemble,0.5452545794851215
SMFP-161,Control & Reagent,2027-08-01,Quantity,Ensemble,0.5452545794851215
SMFP-161,Control & Reagent,2027-09-01,Quantity,Ensemble,0.5452545794851215
SMFP-161,Control & Reagent,2027-10-01,Quantity,Ensemble,0.5452545794851215
SMFP-161,Control & Reagent,2027-11-01,Quantity,Ensemble,0.5452545794851215
SMFP-161,Control & Reagent,2027-12-01,Quantity,Ensemble,0.5452545794851215
SMFP-161,Control & Reagent,2026-10-01,Revenue,Ensemble,325.324421790864
SMFP-161,Control & Reagent,2026-11-01,Revenue,Ensemble,325.324421790864
SMFP-161,Control & Reagent,2026-12-01,Revenue,Ensemble,325.324421790864
SMFP-161,Control & Reagent,2027-01-01,Revenue,Ensemble,325.324421790864
SMFP-161,Control & Reagent,2027-02-01,Revenue,Ensemble,325.324421790864
SMFP-161,Control & Reagent,2027-03-01,Revenue,Ensemble,325.324421790864
SMFP-161,Control & Reagent,2027-04-01,Revenue,Ensemble,325.324421790864
SMFP-161,Control & Reagent,2027-05-01,Revenue,Ensemble,325.324421790864
SMFP-161,Control & Reagent,2027-06-01,Revenue,Ensemble,325.324421790864
SMFP-161,Control & Reagent,2027-07-01,Revenue,Ensemble,325.324421790864
SMFP-161,Control & Reagent,2027-08-01,Revenue,Ensemble,325.324421790864
SMFP-161,Control & Reagent,2027-09-01,Revenue,Ensemble,325.324421790864
SMFP-161,Control & Reagent,2027-10-01,Revenue,Ensemble,325.324421790864
SMFP-161,Control & Reagent,2027-11-01,Revenue,Ensemble,325.324421790864
SMFP-161,Control & Reagent,2027-12-01,Revenue,Ensemble,325.324421790864
SMFP-2,Control & Reagent,2026-10-01,Quantity,Ensemble,0.6664742524426847
SMFP-2,Control & Reagent,2026-11-01,Quantity,Ensemble,0.6664742524426847
SMFP-2,Control & Reagent,2026-12-01,Quantity,Ensemble,0.6664742524426847
SMFP-2,Control & Reagent,2027-01-01,Quantity,Ensemble,0.6664742524426847
SMFP-2,Control & Reagent,2027-02-01,Quantity,Ensemble,0.6664742524426847
SMFP-2,Control & Reagent,2027-03-01,Quantity,Ensemble,0.6664742524426847
SMFP-2,Control & Reagent,2027-04-01,Quantity,Ensemble,0.6664742524426847
SMFP-2,Control & Reagent,2027-05-01,Quantity,Ensemble,0.6664742524426847
SMFP-2,Control & Reagent,2027-06-01,Quantity,Ensemble,0.6664742524426847
SMFP-2,Control & Reagent,2027-07-01,Quantity,Ensemble,0.6664742524426847
SMFP-2,Control & Reagent,2027-08-01,Quantity,Ensemble,0.6664742524426847
SMFP-2,Control & Reagent,2027-09-01,Quantity,Ensemble,0.6664742524426847
SMFP-2,Control & Reagent,2027-10-01,Quantity,Ensemble,0.6664742524426847
SMFP-2,Control & Reagent,2027-11-01,Quantity,Ensemble,0.6664742524426847
SMFP-2,Control & Reagent,2027-12-01,Quantity,Ensemble,0.6664742524426847
SMFP-2,Control & Reagent,2026-10-01,Revenue,Ensemble,222.84467565979264
SMFP-2,Control & Reagent,2026-11-01,Revenue,Ensemble,222.84467565979264
SMFP-2,Control & Reagent,2026-12-01,Revenue,Ensemble,222.84467565979264
SMFP-2,Control & Reagent,2027-01-01,Revenue,Ensemble,222.84467565979264
SMFP-2,Control & Reagent,2027-02-01,Revenue,Ensemble,222.84467565979264
SMFP-2,Control & Reagent,2027-03-01,Revenue,Ensemble,222.84467565979264
SMFP-2,Control & Reagent,2027-04-01,Revenue,Ensemble,222.84467565979264
SMFP-2,Control & Reagent,2027-05-01,Revenue,Ensemble,222.84467565979264
SMFP-2,Control & Reagent,2027-06-01,Revenue,Ensemble,222.84467565979264
SMFP-2,Control & Reagent,2027-07-01,Revenue,Ensemble,222.84467565979264
SMFP-2,Control & Reagent,2027-08-01,Revenue,Ensemble,222.84467565979264
SMFP-2,Control & Reagent,2027-09-01,Revenue,Ensemble,222.84467565979264
SMFP-2,Control & Reagent,2027-10-01,Revenue,Ensemble,222.84467565979264
SMFP-2,Control & Reagent,2027-11-01,Revenue,Ensemble,222.84467565979264
SMFP-2,Control & Reagent,2027-12-01,Revenue,Ensemble,222.84467565979264
SMFP-22,Control & Reagent,2026-10-01,Quantity,Ensemble,0.023807663115436455
SMFP-22,Control & Reagent,2026-11-01,Quantity,Ensemble,0.023807663115436455
SMFP-22,Control & Reagent,2026-12-01,Quantity,Ensemble,0.023807663115436455
SMFP-22,Control & Reagent,2027-01-01,Quantity,Ensemble,0.023807663115436455
SMFP-22,Control & Reagent,2027-02-01,Quantity,Ensemble,0.023807663115436455
SMFP-22,Control & Reagent,2027-03-01,Quantity,Ensemble,0.023807663115436455
SMFP-22,Control & Reagent,2027-04-01,Quantity,Ensemble,0.023807663115436455
SMFP-22,Control & Reagent,2027-05-01,Quantity,Ensemble,0.023807663115436455
SMFP-22,Control & Reagent,2027-06-01,Quantity,Ensemble,0.023807663115436455
SMFP-22,Control & Reagent,2027-07-01,Quantity,Ensemble,0.023807663115436455
SMFP-22,Control & Reagent,2027-08-01,Quantity,Ensemble,0.023807663115436455
SMFP-22,Control & Reagent,2027-09-01,Quantity,Ensemble,0.023807663115436455
SMFP-22,Control & Reagent,2027-10-01,Quantity,Ensemble,0.023807663115436455
SMFP-22,Control & Reagent,2027-11-01,Quantity,Ensemble,0.023807663115436455
SMFP-22,Control & Reagent,2027-12-01,Quantity,Ensemble,0.023807663115436455
SMFP-22,Control & Reagent,2026-10-01,Revenue,Ensemble,17.138368001490594
SMFP-22,Control & Reagent,2026-11-01,Revenue,Ensemble,17.138368001490594
SMFP-22,Control & Reagent,2026-12-01,Revenue,Ensemble,17.138368001490594
SMFP-22,Control & Reagent,2027-01-01,Revenue,Ensemble,17.138368001490594
SMFP-22,Control & Reagent,2027-02-01,Revenue,Ensemble,17.138368001490594
SMFP-22,Control & Reagent,2027-03-01,Revenue,Ensemble,17.138368001490594
SMFP-22,Control & Reagent,2027-04-01,Revenue,Ensemble,17.138368001490594
SMFP-22,Control & Reagent,2027-05-01,Revenue,Ensemble,17.138368001490594
SMFP-22,Control & Reagent,2027-06-01,Revenue,Ensemble,17.138368001490594
SMFP-22,Control & Reagent,2027-07-01,Revenue,Ensemble,17.138368001490594
SMFP-22,Control & Reagent,2027-08-01,Revenue,Ensemble,17.138368001490594
SMFP-22,Control & Reagent,2027-09-01,Revenue,Ensemble,17.138368001490594
SMFP-22,Control & Reagent,2027-10-01,Revenue,Ensemble,17.138368001490594
SMFP-22,Control & Reagent,2027-11-01,Revenue,Ensemble,17.138368001490594
SMFP-22,Control & Reagent,2027-12-01,Revenue,Ensemble,17.138368001490594
SMFP-29,Control & Reagent,2026-10-01,Quantity,Ensemble,0.023807555288774807
SMFP-29,Control & Reagent,2026-11-01,Quantity,Ensemble,0.023807555288774807
SMFP-29,Control & Reagent,2026-12-01,Quantity,Ensemble,0.023807555288774807
SMFP-29,Control & Reagent,2027-01-01,Quantity,Ensemble,0.023807555288774807
SMFP-29,Control & Reagent,2027-02-01,Quantity,Ensemble,0.023807555288774807
SMFP-29,Control & Reagent,2027-03-01,Quantity,Ensemble,0.023807555288774807
SMFP-29,Control & Reagent,2027-04-01,Quantity,Ensemble,0.023807555288774807
SMFP-29,Control & Reagent,2027-05-01,Quantity,Ensemble,0.023807555288774807
SMFP-29,Control & Reagent,2027-06-01,Quantity,Ensemble,0.023807555288774807
SMFP-29,Control & Reagent,2027-07-01,Quantity,Ensemble,0.023807555288774807
SMFP-29,Control & Reagent,2027-08-01,Quantity,Ensemble,0.023807555288774807
SMFP-29,Control & Reagent,2027-09-01,Quantity,Ensemble,0.023807555288774807
SMFP-29,Control & Reagent,2027-10-01,Quantity,Ensemble,0.023807555288774807
SMFP-29,Control & Reagent,2027-11-01,Quantity,Ensemble,0.023807555288774807
SMFP-29,Control & Reagent,2027-12-01,Quantity,Ensemble,0.023807555288774807
SMFP-29,Control & Reagent,2026-10-01,Revenue,Ensemble,0
SMFP-29,Control & Reagent,2026-11-01,Revenue,Ensemble,0
SMFP-29,Control & Reagent,2026-12-01,Revenue,Ensemble,0
SMFP-29,Control & Reagent,2027-01-01,Revenue,Ensemble,0
SMFP-29,Control & Reagent,2027-02-01,Revenue,Ensemble,0
SMFP-29,Control & Reagent,2027-03-01,Revenue,Ensemble,0
SMFP-29,Control & Reagent,2027-04-01,Revenue,Ensemble,0
SMFP-29,Control & Reagent,2027-05-01,Revenue,Ensemble,0
SMFP-29,Control & Reagent,2027-06-01,Revenue,Ensemble,0
SMFP-29,Control & Reagent,2027-07-01,Revenue,Ensemble,0
SMFP-29,Control & Reagent,2027-08-01,Revenue,Ensemble,0
SMFP-29,Control & Reagent,2027-09-01,Revenue,Ensemble,0
SMFP-29,Control & Reagent,2027-10-01,Revenue,Ensemble,0
SMFP-29,Control & Reagent,2027-11-01,Revenue,Ensemble,0
SMFP-29,Control & Reagent,2027-12-01,Revenue,Ensemble,0
SMFP-3,Control & Reagent,2026-10-01,Quantity,Ensemble,1.3823168735860578
SMFP-3,Control & Reagent,2026-11-01,Quantity,Ensemble,1.3823168735860578
SMFP-3,Control & Reagent,2026-12-01,Quantity,Ensemble,1.3823168735860578
SMFP-3,Control & Reagent,2027-01-01,Quantity,Ensemble,1.3823168735860578
SMFP-3,Control & Reagent,2027-02-01,Quantity,Ensemble,1.3823168735860578
SMFP-3,Control & Reagent,2027-03-01,Quantity,Ensemble,1.3823168735860578
SMFP-3,Control & Reagent,2027-04-01,Quantity,Ensemble,1.3823168735860578
SMFP-3,Control & Reagent,2027-05-01,Quantity,Ensemble,1.3823168735860578
SMFP-3,Control & Reagent,2027-06-01,Quantity,Ensemble,1.3823168735860578
SMFP-3,Control & Reagent,2027-07-01,Quantity,Ensemble,1.3823168735860578
SMFP-3,Control & Reagent,2027-08-01,Quantity,Ensemble,1.3823168735860578
SMFP-3,Control & Reagent,2027-09-01,Quantity,Ensemble,1.3823168735860578
SMFP-3,Control & Reagent,2027-10-01,Quantity,Ensemble,1.3823168735860578
SMFP-3,Control & Reagent,2027-11-01,Quantity,Ensemble,1.3823168735860578
SMFP-3,Control & Reagent,2027-12-01,Quantity,Ensemble,1.3823168735860578
SMFP-3,Control & Reagent,2026-10-01,Revenue,Ensemble,1394.161970254989
SMFP-3,Control & Reagent,2026-11-01,Revenue,Ensemble,1394.161970254989
SMFP-3,Control & Reagent,2026-12-01,Revenue,Ensemble,1394.161970254989
SMFP-3,Control & Reagent,2027-01-01,Revenue,Ensemble,1394.161970254989
SMFP-3,Control & Reagent,2027-02-01,Revenue,Ensemble,1394.161970254989
SMFP-3,Control & Reagent,2027-03-01,Revenue,Ensemble,1394.161970254989
SMFP-3,Control & Reagent,2027-04-01,Revenue,Ensemble,1394.161970254989
SMFP-3,Control & Reagent,2027-05-01,Revenue,Ensemble,1394.161970254989
SMFP-3,Control & Reagent,2027-06-01,Revenue,Ensemble,1394.161970254989
SMFP-3,Control & Reagent,2027-07-01,Revenue,Ensemble,1394.161970254989
SMFP-3,Control & Reagent,2027-08-01,Revenue,Ensemble,1394.161970254989
SMFP-3,Control & Reagent,2027-09-01,Revenue,Ensemble,1394.161970254989
SMFP-3,Control & Reagent,2027-10-01,Revenue,Ensemble,1394.161970254989
SMFP-3,Control & Reagent,2027-11-01,Revenue,Ensemble,1394.161970254989
SMFP-3,Control & Reagent,2027-12-01,Revenue,Ensemble,1394.161970254989
SMFP-30,Control & Reagent,2026-10-01,Quantity,Ensemble,0.2861779840579639
SMFP-30,Control & Reagent,2026-11-01,Quantity,Ensemble,0.2861779840579639
SMFP-30,Control & Reagent,2026-12-01,Quantity,Ensemble,0.2861779840579639
SMFP-30,Control & Reagent,2027-01-01,Quantity,Ensemble,0.2861779840579639
SMFP-30,Control & Reagent,2027-02-01,Quantity,Ensemble,0.2861779840579639
SMFP-30,Control & Reagent,2027-03-01,Quantity,Ensemble,0.2861779840579639
SMFP-30,Control & Reagent,2027-04-01,Quantity,Ensemble,0.2861779840579639
SMFP-30,Control & Reagent,2027-05-01,Quantity,Ensemble,0.2861779840579639
SMFP-30,Control & Reagent,2027-06-01,Quantity,Ensemble,0.2861779840579639
SMFP-30,Control & Reagent,2027-07-01,Quantity,Ensemble,0.2861779840579639
SMFP-30,Control & Reagent,2027-08-01,Quantity,Ensemble,0.2861779840579639
SMFP-30,Control & Reagent,2027-09-01,Quantity,Ensemble,0.2861779840579639
SMFP-30,Control & Reagent,2027-10-01,Quantity,Ensemble,0.2861779840579639
SMFP-30,Control & Reagent,2027-11-01,Quantity,Ensemble,0.2861779840579639
SMFP-30,Control & Reagent,2027-12-01,Quantity,Ensemble,0.2861779840579639
SMFP-30,Control & Reagent,2026-10-01,Revenue,Ensemble,137.12286955711278
SMFP-30,Control & Reagent,2026-11-01,Revenue,Ensemble,137.12286955711278
SMFP-30,Control & Reagent,2026-12-01,Revenue,Ensemble,137.12286955711278
SMFP-30,Control & Reagent,2027-01-01,Revenue,Ensemble,137.12286955711278
SMFP-30,Control & Reagent,2027-02-01,Revenue,Ensemble,137.12286955711278
SMFP-30,Control & Reagent,2027-03-01,Revenue,Ensemble,137.12286955711278
SMFP-30,Control & Reagent,2027-04-01,Revenue,Ensemble,137.12286955711278
SMFP-30,Control & Reagent,2027-05-01,Revenue,Ensemble,137.12286955711278
SMFP-30,Control & Reagent,2027-06-01,Revenue,Ensemble,137.12286955711278
SMFP-30,Control & Reagent,2027-07-01,Revenue,Ensemble,137.12286955711278
SMFP-30,Control & Reagent,2027-08-01,Revenue,Ensemble,137.12286955711278
SMFP-30,Control & Reagent,2027-09-01,Revenue,Ensemble,137.12286955711278
SMFP-30,Control & Reagent,2027-10-01,Revenue,Ensemble,137.12286955711278
SMFP-30,Control & Reagent,2027-11-01,Revenue,Ensemble,137.12286955711278
SMFP-30,Control & Reagent,2027-12-01,Revenue,Ensemble,137.12286955711278
SMFP-35,Control & Reagent,2026-10-01,Quantity,Ensemble,0.857073225499694
SMFP-35,Control & Reagent,2026-11-01,Quantity,Ensemble,0.857073225499694
SMFP-35,Control & Reagent,2026-12-01,Quantity,Ensemble,0.857073225499694
SMFP-35,Control & Reagent,2027-01-01,Quantity,Ensemble,0.857073225499694
SMFP-35,Control & Reagent,2027-02-01,Quantity,Ensemble,0.857073225499694
SMFP-35,Control & Reagent,2027-03-01,Quantity,Ensemble,0.857073225499694
SMFP-35,Control & Reagent,2027-04-01,Quantity,Ensemble,0.857073225499694
SMFP-35,Control & Reagent,2027-05-01,Quantity,Ensemble,0.857073225499694
SMFP-35,Control & Reagent,2027-06-01,Quantity,Ensemble,0.857073225499694
SMFP-35,Control & Reagent,2027-07-01,Quantity,Ensemble,0.857073225499694
SMFP-35,Control & Reagent,2027-08-01,Quantity,Ensemble,0.857073225499694
SMFP-35,Control & Reagent,2027-09-01,Quantity,Ensemble,0.857073225499694
SMFP-35,Control & Reagent,2027-10-01,Quantity,Ensemble,0.857073225499694
SMFP-35,Control & Reagent,2027-11-01,Quantity,Ensemble,0.857073225499694
SMFP-35,Control & Reagent,2027-12-01,Quantity,Ensemble,0.857073225499694
SMFP-35,Control & Reagent,2026-10-01,Revenue,Ensemble,439.57385270869
SMFP-35,Control & Reagent,2026-11-01,Revenue,Ensemble,439.57385270869
SMFP-35,Control & Reagent,2026-12-01,Revenue,Ensemble,439.57385270869
SMFP-35,Control & Reagent,2027-01-01,Revenue,Ensemble,439.57385270869
SMFP-35,Control & Reagent,2027-02-01,Revenue,Ensemble,439.57385270869
SMFP-35,Control & Reagent,2027-03-01,Revenue,Ensemble,439.57385270869
SMFP-35,Control & Reagent,2027-04-01,Revenue,Ensemble,439.57385270869
SMFP-35,Control & Reagent,2027-05-01,Revenue,Ensemble,439.57385270869
SMFP-35,Control & Reagent,2027-06-01,Revenue,Ensemble,439.57385270869
SMFP-35,Control & Reagent,2027-07-01,Revenue,Ensemble,439.57385270869
SMFP-35,Control & Reagent,2027-08-01,Revenue,Ensemble,439.57385270869
SMFP-35,Control & Reagent,2027-09-01,Revenue,Ensemble,439.57385270869
SMFP-35,Control & Reagent,2027-10-01,Revenue,Ensemble,439.57385270869
SMFP-35,Control & Reagent,2027-11-01,Revenue,Ensemble,439.57385270869
SMFP-35,Control & Reagent,2027-12-01,Revenue,Ensemble,439.57385270869
SMFP-36,Control & Reagent,2026-10-01,Quantity,Ensemble,4.000100001988052
SMFP-36,Control & Reagent,2026-11-01,Quantity,Ensemble,4.000100001988052
SMFP-36,Control & Reagent,2026-12-01,Quantity,Ensemble,4.000100001988052
SMFP-36,Control & Reagent,2027-01-01,Quantity,Ensemble,4.000100001988052
SMFP-36,Control & Reagent,2027-02-01,Quantity,Ensemble,4.000100001988052
SMFP-36,Control & Reagent,2027-03-01,Quantity,Ensemble,4.000100001988052
SMFP-36,Control & Reagent,2027-04-01,Quantity,Ensemble,4.000100001988052
SMFP-36,Control & Reagent,2027-05-01,Quantity,Ensemble,4.000100001988052
SMFP-36,Control & Reagent,2027-06-01,Quantity,Ensemble,4.000100001988052
SMFP-36,Control & Reagent,2027-07-01,Quantity,Ensemble,4.000100001988052
SMFP-36,Control & Reagent,2027-08-01,Quantity,Ensemble,4.000100001988052
SMFP-36,Control & Reagent,2027-09-01,Quantity,Ensemble,4.000100001988052
SMFP-36,Control & Reagent,2027-10-01,Quantity,Ensemble,4.000100001988052
SMFP-36,Control & Reagent,2027-11-01,Quantity,Ensemble,4.000100001988052
SMFP-36,Control & Reagent,2027-12-01,Quantity,Ensemble,4.000100001988052
SMFP-36,Control & Reagent,2026-10-01,Revenue,Ensemble,6240.156325643036
SMFP-36,Control & Reagent,2026-11-01,Revenue,Ensemble,6240.156325643036
SMFP-36,Control & Reagent,2026-12-01,Revenue,Ensemble,6240.156325643036
SMFP-36,Control & Reagent,2027-01-01,Revenue,Ensemble,6240.156325643036
SMFP-36,Control & Reagent,2027-02-01,Revenue,Ensemble,6240.156325643036
SMFP-36,Control & Reagent,2027-03-01,Revenue,Ensemble,6240.156325643036
SMFP-36,Control & Reagent,2027-04-01,Revenue,Ensemble,6240.156325643036
SMFP-36,Control & Reagent,2027-05-01,Revenue,Ensemble,6240.156325643036
SMFP-36,Control & Reagent,2027-06-01,Revenue,Ensemble,6240.156325643036
SMFP-36,Control & Reagent,2027-07-01,Revenue,Ensemble,6240.156325643036
SMFP-36,Control & Reagent,2027-08-01,Revenue,Ensemble,6240.156325643036
SMFP-36,Control & Reagent,2027-09-01,Revenue,Ensemble,6240.156325643036
SMFP-36,Control & Reagent,2027-10-01,Revenue,Ensemble,6240.156325643036
SMFP-36,Control & Reagent,2027-11-01,Revenue,Ensemble,6240.156325643036
SMFP-36,Control & Reagent,2027-12-01,Revenue,Ensemble,6240.156325643036
SMFP-62,Control & Reagent,2026-10-01,Quantity,Ensemble,2.1720197678833957
SMFP-62,Control & Reagent,2026-11-01,Quantity,Ensemble,3.5494509195231747
SMFP-62,Control & Reagent,2026-12-01,Quantity,Ensemble,3.5494509195231747
SMFP-62,Control & Reagent,2027-01-01,Quantity,Ensemble,3.5494509195231747
SMFP-62,Control & Reagent,2027-02-01,Quantity,Ensemble,3.5494509195231747
SMFP-62,Control & Reagent,2027-03-01,Quantity,Ensemble,3.5494509195231747
SMFP-62,Control & Reagent,2027-04-01,Quantity,Ensemble,3.5494509195231747
SMFP-62,Control & Reagent,2027-05-01,Quantity,Ensemble,3.5494509195231747
SMFP-62,Control & Reagent,2027-06-01,Quantity,Ensemble,3.5494509195231747
SMFP-62,Control & Reagent,2027-07-01,Quantity,Ensemble,3.5494509195231747
SMFP-62,Control & Reagent,2027-08-01,Quantity,Ensemble,3.5494509195231747
SMFP-62,Control & Reagent,2027-09-01,Quantity,Ensemble,3.5494509195231747
SMFP-62,Control & Reagent,2027-10-01,Quantity,Ensemble,3.5494509195231747
SMFP-62,Control & Reagent,2027-11-01,Quantity,Ensemble,3.5494509195231747
SMFP-62,Control & Reagent,2027-12-01,Quantity,Ensemble,3.5494509195231747
SMFP-62,Control & Reagent,2026-10-01,Revenue,Ensemble,4958.985583383415
SMFP-62,Control & Reagent,2026-11-01,Revenue,Ensemble,7397.215777390151
SMFP-62,Control & Reagent,2026-12-01,Revenue,Ensemble,7397.215777390151
SMFP-62,Control & Reagent,2027-01-01,Revenue,Ensemble,7397.215777390151
SMFP-62,Control & Reagent,2027-02-01,Revenue,Ensemble,7397.215777390151
SMFP-62,Control & Reagent,2027-03-01,Revenue,Ensemble,7397.215777390151
SMFP-62,Control & Reagent,2027-04-01,Revenue,Ensemble,7397.215777390151
SMFP-62,Control & Reagent,2027-05-01,Revenue,Ensemble,7397.215777390151
SMFP-62,Control & Reagent,2027-06-01,Revenue,Ensemble,7397.215777390151
SMFP-62,Control & Reagent,2027-07-01,Revenue,Ensemble,7397.215777390151
SMFP-62,Control & Reagent,2027-08-01,Revenue,Ensemble,7397.215777390151
SMFP-62,Control & Reagent,2027-09-01,Revenue,Ensemble,7397.215777390151
SMFP-62,Control & Reagent,2027-10-01,Revenue,Ensemble,7397.215777390151
SMFP-62,Control & Reagent,2027-11-01,Revenue,Ensemble,7397.215777390151
SMFP-62,Control & Reagent,2027-12-01,Revenue,Ensemble,7397.215777390151
SMFP-67,Control & Reagent,2026-10-01,Quantity,Ensemble,0.023810307262342685
SMFP-67,Control & Reagent,2026-11-01,Quantity,Ensemble,0.023810307262342685
SMFP-67,Control & Reagent,2026-12-01,Quantity,Ensemble,0.023810307262342685
SMFP-67,Control & Reagent,2027-01-01,Quantity,Ensemble,0.023810307262342685
SMFP-67,Control & Reagent,2027-02-01,Quantity,Ensemble,0.023810307262342685
SMFP-67,Control & Reagent,2027-03-01,Quantity,Ensemble,0.023810307262342685
SMFP-67,Control & Reagent,2027-04-01,Quantity,Ensemble,0.023810307262342685
SMFP-67,Control & Reagent,2027-05-01,Quantity,Ensemble,0.023810307262342685
SMFP-67,Control & Reagent,2027-06-01,Quantity,Ensemble,0.023810307262342685
SMFP-67,Control & Reagent,2027-07-01,Quantity,Ensemble,0.023810307262342685
SMFP-67,Control & Reagent,2027-08-01,Quantity,Ensemble,0.023810307262342685
SMFP-67,Control & Reagent,2027-09-01,Quantity,Ensemble,0.023810307262342685
SMFP-67,Control & Reagent,2027-10-01,Quantity,Ensemble,0.023810307262342685
SMFP-67,Control & Reagent,2027-11-01,Quantity,Ensemble,0.023810307262342685
SMFP-67,Control & Reagent,2027-12-01,Quantity,Ensemble,0.023810307262342685
SMFP-67,Control & Reagent,2026-10-01,Revenue,Ensemble,17.110245504639078
SMFP-67,Control & Reagent,2026-11-01,Revenue,Ensemble,17.110245504639078
SMFP-67,Control & Reagent,2026-12-01,Revenue,Ensemble,17.110245504639078
SMFP-67,Control & Reagent,2027-01-01,Revenue,Ensemble,17.110245504639078
SMFP-67,Control & Reagent,2027-02-01,Revenue,Ensemble,17.110245504639078
SMFP-67,Control & Reagent,2027-03-01,Revenue,Ensemble,17.110245504639078
SMFP-67,Control & Reagent,2027-04-01,Revenue,Ensemble,17.110245504639078
SMFP-67,Control & Reagent,2027-05-01,Revenue,Ensemble,17.110245504639078
SMFP-67,Control & Reagent,2027-06-01,Revenue,Ensemble,17.110245504639078
SMFP-67,Control & Reagent,2027-07-01,Revenue,Ensemble,17.110245504639078
SMFP-67,Control & Reagent,2027-08-01,Revenue,Ensemble,17.110245504639078
SMFP-67,Control & Reagent,2027-09-01,Revenue,Ensemble,17.110245504639078
SMFP-67,Control & Reagent,2027-10-01,Revenue,Ensemble,17.110245504639078
SMFP-67,Control & Reagent,2027-11-01,Revenue,Ensemble,17.110245504639078
SMFP-67,Control & Reagent,2027-12-01,Revenue,Ensemble,17.110245504639078
SMFP-74,Control & Reagent,2026-10-01,Quantity,Ensemble,0.14285906333298798
SMFP-74,Control & Reagent,2026-11-01,Quantity,Ensemble,0.14285906333298798
SMFP-74,Control & Reagent,2026-12-01,Quantity,Ensemble,0.14285906333298798
SMFP-74,Control & Reagent,2027-01-01,Quantity,Ensemble,0.14285906333298798
SMFP-74,Control & Reagent,2027-02-01,Quantity,Ensemble,0.14285906333298798
SMFP-74,Control & Reagent,2027-03-01,Quantity,Ensemble,0.14285906333298798
SMFP-74,Control & Reagent,2027-04-01,Quantity,Ensemble,0.14285906333298798
SMFP-74,Control & Reagent,2027-05-01,Quantity,Ensemble,0.14285906333298798
SMFP-74,Control & Reagent,2027-06-01,Quantity,Ensemble,0.14285906333298798
SMFP-74,Control & Reagent,2027-07-01,Quantity,Ensemble,0.14285906333298798
SMFP-74,Control & Reagent,2027-08-01,Quantity,Ensemble,0.14285906333298798
SMFP-74,Control & Reagent,2027-09-01,Quantity,Ensemble,0.14285906333298798
SMFP-74,Control & Reagent,2027-10-01,Quantity,Ensemble,0.14285906333298798
SMFP-74,Control & Reagent,2027-11-01,Quantity,Ensemble,0.14285906333298798
SMFP-74,Control & Reagent,2027-12-01,Quantity,Ensemble,0.14285906333298798
SMFP-74,Control & Reagent,2026-10-01,Revenue,Ensemble,239.43391038389308
SMFP-74,Control & Reagent,2026-11-01,Revenue,Ensemble,239.43391038389308
SMFP-74,Control & Reagent,2026-12-01,Revenue,Ensemble,239.43391038389308
SMFP-74,Control & Reagent,2027-01-01,Revenue,Ensemble,239.43391038389308
SMFP-74,Control & Reagent,2027-02-01,Revenue,Ensemble,239.43391038389308
SMFP-74,Control & Reagent,2027-03-01,Revenue,Ensemble,239.43391038389308
SMFP-74,Control & Reagent,2027-04-01,Revenue,Ensemble,239.43391038389308
SMFP-74,Control & Reagent,2027-05-01,Revenue,Ensemble,239.43391038389308
SMFP-74,Control & Reagent,2027-06-01,Revenue,Ensemble,239.43391038389308
SMFP-74,Control & Reagent,2027-07-01,Revenue,Ensemble,239.43391038389308
SMFP-74,Control & Reagent,2027-08-01,Revenue,Ensemble,239.43391038389308
SMFP-74,Control & Reagent,2027-09-01,Revenue,Ensemble,239.43391038389308
SMFP-74,Control & Reagent,2027-10-01,Revenue,Ensemble,239.43391038389308
SMFP-74,Control & Reagent,2027-11-01,Revenue,Ensemble,239.43391038389308
SMFP-74,Control & Reagent,2027-12-01,Revenue,Ensemble,239.43391038389308
SMFP-75,Control & Reagent,2026-10-01,Quantity,Ensemble,0.21241116634297408
SMFP-75,Control & Reagent,2026-11-01,Quantity,Ensemble,0.21241116634297408
SMFP-75,Control & Reagent,2026-12-01,Quantity,Ensemble,0.21241116634297408
SMFP-75,Control & Reagent,2027-01-01,Quantity,Ensemble,0.21241116634297408
SMFP-75,Control & Reagent,2027-02-01,Quantity,Ensemble,0.21241116634297408
SMFP-75,Control & Reagent,2027-03-01,Quantity,Ensemble,0.21241116634297408
SMFP-75,Control & Reagent,2027-04-01,Quantity,Ensemble,0.21241116634297408
SMFP-75,Control & Reagent,2027-05-01,Quantity,Ensemble,0.21241116634297408
SMFP-75,Control & Reagent,2027-06-01,Quantity,Ensemble,0.21241116634297408
SMFP-75,Control & Reagent,2027-07-01,Quantity,Ensemble,0.21241116634297408
SMFP-75,Control & Reagent,2027-08-01,Quantity,Ensemble,0.21241116634297408
SMFP-75,Control & Reagent,2027-09-01,Quantity,Ensemble,0.21241116634297408
SMFP-75,Control & Reagent,2027-10-01,Quantity,Ensemble,0.21241116634297408
SMFP-75,Control & Reagent,2027-11-01,Quantity,Ensemble,0.21241116634297408
SMFP-75,Control & Reagent,2027-12-01,Quantity,Ensemble,0.21241116634297408
SMFP-75,Control & Reagent,2026-10-01,Revenue,Ensemble,979.4435010981127
SMFP-75,Control & Reagent,2026-11-01,Revenue,Ensemble,979.4435010981127
SMFP-75,Control & Reagent,2026-12-01,Revenue,Ensemble,979.4435010981127
SMFP-75,Control & Reagent,2027-01-01,Revenue,Ensemble,979.4435010981127
SMFP-75,Control & Reagent,2027-02-01,Revenue,Ensemble,979.4435010981127
SMFP-75,Control & Reagent,2027-03-01,Revenue,Ensemble,979.4435010981127
SMFP-75,Control & Reagent,2027-04-01,Revenue,Ensemble,979.4435010981127
SMFP-75,Control & Reagent,2027-05-01,Revenue,Ensemble,979.4435010981127
SMFP-75,Control & Reagent,2027-06-01,Revenue,Ensemble,979.4435010981127
SMFP-75,Control & Reagent,2027-07-01,Revenue,Ensemble,979.4435010981127
SMFP-75,Control & Reagent,2027-08-01,Revenue,Ensemble,979.4435010981127
SMFP-75,Control & Reagent,2027-09-01,Revenue,Ensemble,979.4435010981127
SMFP-75,Control & Reagent,2027-10-01,Revenue,Ensemble,979.4435010981127
SMFP-75,Control & Reagent,2027-11-01,Revenue,Ensemble,979.4435010981127
SMFP-75,Control & Reagent,2027-12-01,Revenue,Ensemble,979.4435010981127
SMFP-75 (L),Control & Reagent,2026-10-01,Quantity,Ensemble,1.191713935336582
SMFP-75 (L),Control & Reagent,2026-11-01,Quantity,Ensemble,1.191713935336582
SMFP-75 (L),Control & Reagent,2026-12-01,Quantity,Ensemble,1.191713935336582
SMFP-75 (L),Control & Reagent,2027-01-01,Quantity,Ensemble,1.191713935336582
SMFP-75 (L),Control & Reagent,2027-02-01,Quantity,Ensemble,1.191713935336582
SMFP-75 (L),Control & Reagent,2027-03-01,Quantity,Ensemble,1.191713935336582
SMFP-75 (L),Control & Reagent,2027-04-01,Quantity,Ensemble,1.191713935336582
SMFP-75 (L),Control & Reagent,2027-05-01,Quantity,Ensemble,1.191713935336582
SMFP-75 (L),Control & Reagent,2027-06-01,Quantity,Ensemble,1.191713935336582
SMFP-75 (L),Control & Reagent,2027-07-01,Quantity,Ensemble,1.191713935336582
SMFP-75 (L),Control & Reagent,2027-08-01,Quantity,Ensemble,1.191713935336582
SMFP-75 (L),Control & Reagent,2027-09-01,Quantity,Ensemble,1.191713935336582
SMFP-75 (L),Control & Reagent,2027-10-01,Quantity,Ensemble,1.191713935336582
SMFP-75 (L),Control & Reagent,2027-11-01,Quantity,Ensemble,1.191713935336582
SMFP-75 (L),Control & Reagent,2027-12-01,Quantity,Ensemble,1.191713935336582
SMFP-75 (L),Control & Reagent,2026-10-01,Revenue,Ensemble,221.71653192908076
SMFP-75 (L),Control & Reagent,2026-11-01,Revenue,Ensemble,221.71653192908076
SMFP-75 (L),Control & Reagent,2026-12-01,Revenue,Ensemble,221.71653192908076
SMFP-75 (L),Control & Reagent,2027-01-01,Revenue,Ensemble,221.71653192908076
SMFP-75 (L),Control & Reagent,2027-02-01,Revenue,Ensemble,221.71653192908076
SMFP-75 (L),Control & Reagent,2027-03-01,Revenue,Ensemble,221.71653192908076
SMFP-75 (L),Control & Reagent,2027-04-01,Revenue,Ensemble,221.71653192908076
SMFP-75 (L),Control & Reagent,2027-05-01,Revenue,Ensemble,221.71653192908076
SMFP-75 (L),Control & Reagent,2027-06-01,Revenue,Ensemble,221.71653192908076
SMFP-75 (L),Control & Reagent,2027-07-01,Revenue,Ensemble,221.71653192908076
SMFP-75 (L),Control & Reagent,2027-08-01,Revenue,Ensemble,221.71653192908076
SMFP-75 (L),Control & Reagent,2027-09-01,Revenue,Ensemble,221.71653192908076
SMFP-75 (L),Control & Reagent,2027-10-01,Revenue,Ensemble,221.71653192908076
SMFP-75 (L),Control & Reagent,2027-11-01,Revenue,Ensemble,221.71653192908076
SMFP-75 (L),Control & Reagent,2027-12-01,Revenue,Ensemble,221.71653192908076
SMFP-76,Control & Reagent,2026-10-01,Quantity,Ensemble,0.17676943913542897
SMFP-76,Control & Reagent,2026-11-01,Quantity,Ensemble,0.17676943913542897
SMFP-76,Control & Reagent,2026-12-01,Quantity,Ensemble,0.17676943913542897
SMFP-76,Control & Reagent,2027-01-01,Quantity,Ensemble,0.17676943913542897
SMFP-76,Control & Reagent,2027-02-01,Quantity,Ensemble,0.17676943913542897
SMFP-76,Control & Reagent,2027-03-01,Quantity,Ensemble,0.17676943913542897
SMFP-76,Control & Reagent,2027-04-01,Quantity,Ensemble,0.17676943913542897
SMFP-76,Control & Reagent,2027-05-01,Quantity,Ensemble,0.17676943913542897
SMFP-76,Control & Reagent,2027-06-01,Quantity,Ensemble,0.17676943913542897
SMFP-76,Control & Reagent,2027-07-01,Quantity,Ensemble,0.17676943913542897
SMFP-76,Control & Reagent,2027-08-01,Quantity,Ensemble,0.17676943913542897
SMFP-76,Control & Reagent,2027-09-01,Quantity,Ensemble,0.17676943913542897
SMFP-76,Control & Reagent,2027-10-01,Quantity,Ensemble,0.17676943913542897
SMFP-76,Control & Reagent,2027-11-01,Quantity,Ensemble,0.17676943913542897
SMFP-76,Control & Reagent,2027-12-01,Quantity,Ensemble,0.17676943913542897
SMFP-76,Control & Reagent,2026-10-01,Revenue,Ensemble,826.9570900848596
SMFP-76,Control & Reagent,2026-11-01,Revenue,Ensemble,1033.7774184765294
SMFP-76,Control & Reagent,2026-12-01,Revenue,Ensemble,1033.7774184765294
SMFP-76,Control & Reagent,2027-01-01,Revenue,Ensemble,1033.7774184765294
SMFP-76,Control & Reagent,2027-02-01,Revenue,Ensemble,1033.7774184765294
SMFP-76,Control & Reagent,2027-03-01,Revenue,Ensemble,1033.7774184765294
SMFP-76,Control & Reagent,2027-04-01,Revenue,Ensemble,1033.7774184765294
SMFP-76,Control & Reagent,2027-05-01,Revenue,Ensemble,1033.7774184765294
SMFP-76,Control & Reagent,2027-06-01,Revenue,Ensemble,1033.7774184765294
SMFP-76,Control & Reagent,2027-07-01,Revenue,Ensemble,1033.7774184765294
SMFP-76,Control & Reagent,2027-08-01,Revenue,Ensemble,1033.7774184765294
SMFP-76,Control & Reagent,2027-09-01,Revenue,Ensemble,1033.7774184765294
SMFP-76,Control & Reagent,2027-10-01,Revenue,Ensemble,1033.7774184765294
SMFP-76,Control & Reagent,2027-11-01,Revenue,Ensemble,1033.7774184765294
SMFP-76,Control & Reagent,2027-12-01,Revenue,Ensemble,1033.7774184765294
SMFP-78,Control & Reagent,2026-10-01,Quantity,Ensemble,0.2856304090400843
SMFP-78,Control & Reagent,2026-11-01,Quantity,Ensemble,0.2856304090400843
SMFP-78,Control & Reagent,2026-12-01,Quantity,Ensemble,0.2856304090400843
SMFP-78,Control & Reagent,2027-01-01,Quantity,Ensemble,0.2856304090400843
SMFP-78,Control & Reagent,2027-02-01,Quantity,Ensemble,0.2856304090400843
SMFP-78,Control & Reagent,2027-03-01,Quantity,Ensemble,0.2856304090400843
SMFP-78,Control & Reagent,2027-04-01,Quantity,Ensemble,0.2856304090400843
SMFP-78,Control & Reagent,2027-05-01,Quantity,Ensemble,0.2856304090400843
SMFP-78,Control & Reagent,2027-06-01,Quantity,Ensemble,0.2856304090400843
SMFP-78,Control & Reagent,2027-07-01,Quantity,Ensemble,0.2856304090400843
SMFP-78,Control & Reagent,2027-08-01,Quantity,Ensemble,0.2856304090400843
SMFP-78,Control & Reagent,2027-09-01,Quantity,Ensemble,0.2856304090400843
SMFP-78,Control & Reagent,2027-10-01,Quantity,Ensemble,0.2856304090400843
SMFP-78,Control & Reagent,2027-11-01,Quantity,Ensemble,0.2856304090400843
SMFP-78,Control & Reagent,2027-12-01,Quantity,Ensemble,0.2856304090400843
SMFP-78,Control & Reagent,2026-10-01,Revenue,Ensemble,185.13000960914334
SMFP-78,Control & Reagent,2026-11-01,Revenue,Ensemble,185.13000960914334
SMFP-78,Control & Reagent,2026-12-01,Revenue,Ensemble,185.13000960914334
SMFP-78,Control & Reagent,2027-01-01,Revenue,Ensemble,185.13000960914334
SMFP-78,Control & Reagent,2027-02-01,Revenue,Ensemble,185.13000960914334
SMFP-78,Control & Reagent,2027-03-01,Revenue,Ensemble,185.13000960914334
SMFP-78,Control & Reagent,2027-04-01,Revenue,Ensemble,185.13000960914334
SMFP-78,Control & Reagent,2027-05-01,Revenue,Ensemble,185.13000960914334
SMFP-78,Control & Reagent,2027-06-01,Revenue,Ensemble,185.13000960914334
SMFP-78,Control & Reagent,2027-07-01,Revenue,Ensemble,185.13000960914334
SMFP-78,Control & Reagent,2027-08-01,Revenue,Ensemble,185.13000960914334
SMFP-78,Control & Reagent,2027-09-01,Revenue,Ensemble,185.13000960914334
SMFP-78,Control & Reagent,2027-10-01,Revenue,Ensemble,185.13000960914334
SMFP-78,Control & Reagent,2027-11-01,Revenue,Ensemble,185.13000960914334
SMFP-78,Control & Reagent,2027-12-01,Revenue,Ensemble,185.13000960914334
SMFP-83,Control & Reagent,2026-10-01,Quantity,Ensemble,0.047627510582583514
SMFP-83,Control & Reagent,2026-11-01,Quantity,Ensemble,0.047627510582583514
SMFP-83,Control & Reagent,2026-12-01,Quantity,Ensemble,0.047627510582583514
SMFP-83,Control & Reagent,2027-01-01,Quantity,Ensemble,0.047627510582583514
SMFP-83,Control & Reagent,2027-02-01,Quantity,Ensemble,0.047627510582583514
SMFP-83,Control & Reagent,2027-03-01,Quantity,Ensemble,0.047627510582583514
SMFP-83,Control & Reagent,2027-04-01,Quantity,Ensemble,0.047627510582583514
SMFP-83,Control & Reagent,2027-05-01,Quantity,Ensemble,0.047627510582583514
SMFP-83,Control & Reagent,2027-06-01,Quantity,Ensemble,0.047627510582583514
SMFP-83,Control & Reagent,2027-07-01,Quantity,Ensemble,0.047627510582583514
SMFP-83,Control & Reagent,2027-08-01,Quantity,Ensemble,0.047627510582583514
SMFP-83,Control & Reagent,2027-09-01,Quantity,Ensemble,0.047627510582583514
SMFP-83,Control & Reagent,2027-10-01,Quantity,Ensemble,0.047627510582583514
SMFP-83,Control & Reagent,2027-11-01,Quantity,Ensemble,0.047627510582583514
SMFP-83,Control & Reagent,2027-12-01,Quantity,Ensemble,0.047627510582583514
SMFP-83,Control & Reagent,2026-10-01,Revenue,Ensemble,57.02354350136036
SMFP-83,Control & Reagent,2026-11-01,Revenue,Ensemble,57.02354350136036
SMFP-83,Control & Reagent,2026-12-01,Revenue,Ensemble,57.02354350136036
SMFP-83,Control & Reagent,2027-01-01,Revenue,Ensemble,57.02354350136036
SMFP-83,Control & Reagent,2027-02-01,Revenue,Ensemble,57.02354350136036
SMFP-83,Control & Reagent,2027-03-01,Revenue,Ensemble,57.02354350136036
SMFP-83,Control & Reagent,2027-04-01,Revenue,Ensemble,57.02354350136036
SMFP-83,Control & Reagent,2027-05-01,Revenue,Ensemble,57.02354350136036
SMFP-83,Control & Reagent,2027-06-01,Revenue,Ensemble,57.02354350136036
SMFP-83,Control & Reagent,2027-07-01,Revenue,Ensemble,57.02354350136036
SMFP-83,Control & Reagent,2027-08-01,Revenue,Ensemble,57.02354350136036
SMFP-83,Control & Reagent,2027-09-01,Revenue,Ensemble,57.02354350136036
SMFP-83,Control & Reagent,2027-10-01,Revenue,Ensemble,57.02354350136036
SMFP-83,Control & Reagent,2027-11-01,Revenue,Ensemble,57.02354350136036
SMFP-83,Control & Reagent,2027-12-01,Revenue,Ensemble,57.02354350136036
SMFP-84,Control & Reagent,2026-10-01,Quantity,Ensemble,0.13343690620615228
SMFP-84,Control & Reagent,2026-11-01,Quantity,Ensemble,0.13343690620615228
SMFP-84,Control & Reagent,2026-12-01,Quantity,Ensemble,0.13343690620615228
SMFP-84,Control & Reagent,2027-01-01,Quantity,Ensemble,0.13343690620615228
SMFP-84,Control & Reagent,2027-02-01,Quantity,Ensemble,0.13343690620615228
SMFP-84,Control & Reagent,2027-03-01,Quantity,Ensemble,0.13343690620615228
SMFP-84,Control & Reagent,2027-04-01,Quantity,Ensemble,0.13343690620615228
SMFP-84,Control & Reagent,2027-05-01,Quantity,Ensemble,0.13343690620615228
SMFP-84,Control & Reagent,2027-06-01,Quantity,Ensemble,0.13343690620615228
SMFP-84,Control & Reagent,2027-07-01,Quantity,Ensemble,0.13343690620615228
SMFP-84,Control & Reagent,2027-08-01,Quantity,Ensemble,0.13343690620615228
SMFP-84,Control & Reagent,2027-09-01,Quantity,Ensemble,0.13343690620615228
SMFP-84,Control & Reagent,2027-10-01,Quantity,Ensemble,0.13343690620615228
SMFP-84,Control & Reagent,2027-11-01,Quantity,Ensemble,0.13343690620615228
SMFP-84,Control & Reagent,2027-12-01,Quantity,Ensemble,0.13343690620615228
SMFP-84,Control & Reagent,2026-10-01,Revenue,Ensemble,83.43931242631885
SMFP-84,Control & Reagent,2026-11-01,Revenue,Ensemble,83.43931242631885
SMFP-84,Control & Reagent,2026-12-01,Revenue,Ensemble,83.43931242631885
SMFP-84,Control & Reagent,2027-01-01,Revenue,Ensemble,83.43931242631885
SMFP-84,Control & Reagent,2027-02-01,Revenue,Ensemble,83.43931242631885
SMFP-84,Control & Reagent,2027-03-01,Revenue,Ensemble,83.43931242631885
SMFP-84,Control & Reagent,2027-04-01,Revenue,Ensemble,83.43931242631885
SMFP-84,Control & Reagent,2027-05-01,Revenue,Ensemble,83.43931242631885
SMFP-84,Control & Reagent,2027-06-01,Revenue,Ensemble,83.43931242631885
SMFP-84,Control & Reagent,2027-07-01,Revenue,Ensemble,83.43931242631885
SMFP-84,Control & Reagent,2027-08-01,Revenue,Ensemble,83.43931242631885
SMFP-84,Control & Reagent,2027-09-01,Revenue,Ensemble,83.43931242631885
SMFP-84,Control & Reagent,2027-10-01,Revenue,Ensemble,83.43931242631885
SMFP-84,Control & Reagent,2027-11-01,Revenue,Ensemble,83.43931242631885
SMFP-84,Control & Reagent,2027-12-01,Revenue,Ensemble,83.43931242631885
SMFP-86,Control & Reagent,2026-10-01,Quantity,Ensemble,3.5711005628615187
SMFP-86,Control & Reagent,2026-11-01,Quantity,Ensemble,3.5711005628615187
SMFP-86,Control & Reagent,2026-12-01,Quantity,Ensemble,3.5711005628615187
SMFP-86,Control & Reagent,2027-01-01,Quantity,Ensemble,3.5711005628615187
SMFP-86,Control & Reagent,2027-02-01,Quantity,Ensemble,3.5711005628615187
SMFP-86,Control & Reagent,2027-03-01,Quantity,Ensemble,3.5711005628615187
SMFP-86,Control & Reagent,2027-04-01,Quantity,Ensemble,3.5711005628615187
SMFP-86,Control & Reagent,2027-05-01,Quantity,Ensemble,3.5711005628615187
SMFP-86,Control & Reagent,2027-06-01,Quantity,Ensemble,3.5711005628615187
SMFP-86,Control & Reagent,2027-07-01,Quantity,Ensemble,3.5711005628615187
SMFP-86,Control & Reagent,2027-08-01,Quantity,Ensemble,3.5711005628615187
SMFP-86,Control & Reagent,2027-09-01,Quantity,Ensemble,3.5711005628615187
SMFP-86,Control & Reagent,2027-10-01,Quantity,Ensemble,3.5711005628615187
SMFP-86,Control & Reagent,2027-11-01,Quantity,Ensemble,3.5711005628615187
SMFP-86,Control & Reagent,2027-12-01,Quantity,Ensemble,3.5711005628615187
SMFP-86,Control & Reagent,2026-10-01,Revenue,Ensemble,457.71260243412473
SMFP-86,Control & Reagent,2026-11-01,Revenue,Ensemble,898.2026325293351
SMFP-86,Control & Reagent,2026-12-01,Revenue,Ensemble,898.2026325293351
SMFP-86,Control & Reagent,2027-01-01,Revenue,Ensemble,898.2026325293351
SMFP-86,Control & Reagent,2027-02-01,Revenue,Ensemble,898.2026325293351
SMFP-86,Control & Reagent,2027-03-01,Revenue,Ensemble,898.2026325293351
SMFP-86,Control & Reagent,2027-04-01,Revenue,Ensemble,898.2026325293351
SMFP-86,Control & Reagent,2027-05-01,Revenue,Ensemble,898.2026325293351
SMFP-86,Control & Reagent,2027-06-01,Revenue,Ensemble,898.2026325293351
SMFP-86,Control & Reagent,2027-07-01,Revenue,Ensemble,898.2026325293351
SMFP-86,Control & Reagent,2027-08-01,Revenue,Ensemble,898.2026325293351
SMFP-86,Control & Reagent,2027-09-01,Revenue,Ensemble,898.2026325293351
SMFP-86,Control & Reagent,2027-10-01,Revenue,Ensemble,898.2026325293351
SMFP-86,Control & Reagent,2027-11-01,Revenue,Ensemble,898.2026325293351
SMFP-86,Control & Reagent,2027-12-01,Revenue,Ensemble,898.2026325293351
SMFP-95,Control & Reagent,2026-10-01,Quantity,Ensemble,9.390331521475627
SMFP-95,Control & Reagent,2026-11-01,Quantity,Ensemble,9.390331521475627
SMFP-95,Control & Reagent,2026-12-01,Quantity,Ensemble,9.390331521475627
SMFP-95,Control & Reagent,2027-01-01,Quantity,Ensemble,9.390331521475627
SMFP-95,Control & Reagent,2027-02-01,Quantity,Ensemble,9.390331521475627
SMFP-95,Control & Reagent,2027-03-01,Quantity,Ensemble,9.390331521475627
SMFP-95,Control & Reagent,2027-04-01,Quantity,Ensemble,9.390331521475627
SMFP-95,Control & Reagent,2027-05-01,Quantity,Ensemble,9.390331521475627
SMFP-95,Control & Reagent,2027-06-01,Quantity,Ensemble,9.390331521475627
SMFP-95,Control & Reagent,2027-07-01,Quantity,Ensemble,9.390331521475627
SMFP-95,Control & Reagent,2027-08-01,Quantity,Ensemble,9.390331521475627
SMFP-95,Control & Reagent,2027-09-01,Quantity,Ensemble,9.390331521475627
SMFP-95,Control & Reagent,2027-10-01,Quantity,Ensemble,9.390331521475627
SMFP-95,Control & Reagent,2027-11-01,Quantity,Ensemble,9.390331521475627
SMFP-95,Control & Reagent,2027-12-01,Quantity,Ensemble,9.390331521475627
SMFP-95,Control & Reagent,2026-10-01,Revenue,Ensemble,7802.6080461809925
SMFP-95,Control & Reagent,2026-11-01,Revenue,Ensemble,7802.6080461809925
SMFP-95,Control & Reagent,2026-12-01,Revenue,Ensemble,7802.6080461809925
SMFP-95,Control & Reagent,2027-01-01,Revenue,Ensemble,7802.6080461809925
SMFP-95,Control & Reagent,2027-02-01,Revenue,Ensemble,7802.6080461809925
SMFP-95,Control & Reagent,2027-03-01,Revenue,Ensemble,7802.6080461809925
SMFP-95,Control & Reagent,2027-04-01,Revenue,Ensemble,7802.6080461809925
SMFP-95,Control & Reagent,2027-05-01,Revenue,Ensemble,7802.6080461809925
SMFP-95,Control & Reagent,2027-06-01,Revenue,Ensemble,7802.6080461809925
SMFP-95,Control & Reagent,2027-07-01,Revenue,Ensemble,7802.6080461809925
SMFP-95,Control & Reagent,2027-08-01,Revenue,Ensemble,7802.6080461809925
SMFP-95,Control & Reagent,2027-09-01,Revenue,Ensemble,7802.6080461809925
SMFP-95,Control & Reagent,2027-10-01,Revenue,Ensemble,7802.6080461809925
SMFP-95,Control & Reagent,2027-11-01,Revenue,Ensemble,7802.6080461809925
SMFP-95,Control & Reagent,2027-12-01,Revenue,Ensemble,7802.6080461809925
SMFP-99,Control & Reagent,2026-10-01,Quantity,Ensemble,6.210699382484602
SMFP-99,Control & Reagent,2026-11-01,Quantity,Ensemble,6.210699382484602
SMFP-99,Control & Reagent,2026-12-01,Quantity,Ensemble,6.210699382484602
SMFP-99,Control & Reagent,2027-01-01,Quantity,Ensemble,6.210699382484602
SMFP-99,Control & Reagent,2027-02-01,Quantity,Ensemble,6.210699382484602
SMFP-99,Control & Reagent,2027-03-01,Quantity,Ensemble,6.210699382484602
SMFP-99,Control & Reagent,2027-04-01,Quantity,Ensemble,6.210699382484602
SMFP-99,Control & Reagent,2027-05-01,Quantity,Ensemble,6.210699382484602
SMFP-99,Control & Reagent,2027-06-01,Quantity,Ensemble,6.210699382484602
SMFP-99,Control & Reagent,2027-07-01,Quantity,Ensemble,6.210699382484602
SMFP-99,Control & Reagent,2027-08-01,Quantity,Ensemble,6.210699382484602
SMFP-99,Control & Reagent,2027-09-01,Quantity,Ensemble,6.210699382484602
SMFP-99,Control & Reagent,2027-10-01,Quantity,Ensemble,6.210699382484602
SMFP-99,Control & Reagent,2027-11-01,Quantity,Ensemble,6.210699382484602
SMFP-99,Control & Reagent,2027-12-01,Quantity,Ensemble,6.210699382484602
SMFP-99,Control & Reagent,2026-10-01,Revenue,Ensemble,5801.612420064515
SMFP-99,Control & Reagent,2026-11-01,Revenue,Ensemble,5801.612420064515
SMFP-99,Control & Reagent,2026-12-01,Revenue,Ensemble,5801.612420064515
SMFP-99,Control & Reagent,2027-01-01,Revenue,Ensemble,5801.612420064515
SMFP-99,Control & Reagent,2027-02-01,Revenue,Ensemble,5801.612420064515
SMFP-99,Control & Reagent,2027-03-01,Revenue,Ensemble,5801.612420064515
SMFP-99,Control & Reagent,2027-04-01,Revenue,Ensemble,5801.612420064515
SMFP-99,Control & Reagent,2027-05-01,Revenue,Ensemble,5801.612420064515
SMFP-99,Control & Reagent,2027-06-01,Revenue,Ensemble,5801.612420064515
SMFP-99,Control & Reagent,2027-07-01,Revenue,Ensemble,5801.612420064515
SMFP-99,Control & Reagent,2027-08-01,Revenue,Ensemble,5801.612420064515
SMFP-99,Control & Reagent,2027-09-01,Revenue,Ensemble,5801.612420064515
SMFP-99,Control & Reagent,2027-10-01,Revenue,Ensemble,5801.612420064515
SMFP-99,Control & Reagent,2027-11-01,Revenue,Ensemble,5801.612420064515
SMFP-99,Control & Reagent,2027-12-01,Revenue,Ensemble,5801.612420064515
